CRISNO,YEAR,HISTORY,ACTOR 1,ACTOR 2,A1 THREAT,A2 THREAT,A1 INTENSITY,A2 INTENSITY,KINETIC,# ACTORS,A1 DEMOCRACY,A2 DEMOCRACY,A1 AWARENESS,A2 AWARENESS,INDEPENDENCE,SALIENCE,A1 OUTCOME,A2 OUTCOME,Unnamed: 24,Unnamed: 25,Unnamed: 26,Unnamed: 27,Unnamed: 28,Unnamed: 29,Unnamed: 30,Unnamed: 31,Unnamed: 32,Unnamed: 33,Unnamed: 34,Unnamed: 35,Unnamed: 36,Unnamed: 37
111.0,1946,1.0,RUS,USA,,CONVENTIONAL,1.0,2.0,0.0,4.0,0.0,1.0,1.0,1.0,1.0,2.0,LOSS,WIN,,,,,,,,,,,,,,
113.0,1947,1.0,RUS,HUN,OTHER,,4.0,1.0,0.0,2.0,0.0,1.0,1.0,0.0,1.0,1.0,WIN,LOSS,,,,,,,,,,,,,,
114.0,1947,1.0,RUS,UKG,,CONVENTIONAL,1.0,3.0,1.0,4.0,0.0,1.0,1.0,1.0,1.0,3.0,WIN,WIN,,,,,,,,,,,,,,
115.0,1947,1.0,,,,,,,,,,,,,,,,,,,,,,,,,,,,,,
116.0,1947,1.0,NTH,RUS,,OTHER,1.0,2.0,0.0,8.0,1.0,0.0,1.0,1.0,0.0,2.0,LOSS,WIN,,,,,,,,,,,,,,
118.0,1947,1.0,IND,PAK,"CONVENTIONAL, ECONOMIC",CONVENTIONAL,3.0,2.0,1.0,2.0,1.0,1.0,1.0,1.0,0.0,2.0,WIN,LOSS,,,,,,,,,,,,,,
119.0,1947,1.0,PAK,IND,CONVENTIONAL,CONVENTIONAL,2.0,2.0,1.0,2.0,1.0,1.0,1.0,1.0,0.0,3.0,NEUTRAL,LOSS,,,,,,,,,,,,,,
120.0,1947,1.0,ISR,EGY,CONVENTIONAL,CONVENTIONAL,4.0,4.0,1.0,7.0,0.0,1.0,1.0,1.0,0.0,3.0,WIN,LOSS,,,,,,,,,,,,,,
121.0,1948,1.0,,,,,,,,,,,,,,,,,,,,,,,,,,,,,,
123.0,1948,1.0,RUS,USA,CONVENTIONAL,"CONVENTIONAL, ECONOMIC",3.0,3.0,0.0,4.0,0.0,1.0,1.0,1.0,1.0,3.0,LOSS,WIN,,,,,,,,,,,,,,
125.0,1948,1.0,RUS,USA,"CONVENTIONAL, ECONOMIC","CONVENTIONAL, ECONOMIC",3.0,2.0,0.0,3.0,0.0,1.0,1.0,1.0,1.0,3.0,WIN,LOSS,,,,,,,,,,,,,,
127.0,1948,1.0,NTH,INS,CONVENTIONAL,CONVENTIONAL,4.0,4.0,1.0,3.0,1.0,1.0,1.0,1.0,0.0,2.0,LOSS,WIN,,,,,,,,,,,,,,
128.0,1948,1.0,ISR,EGY,CONVENTIONAL,CONVENTIONAL,4.0,4.0,1.0,4.0,0.0,1.0,1.0,1.0,0.0,3.0,NEUTRAL,WIN,,,,,,,,,,,,,,
129.0,1949,1.0,PAK,AFG,CONVENTIONAL,CONVENTIONAL,3.0,2.0,1.0,2.0,0.0,0.0,1.0,1.0,0.0,2.0,LOSS,WIN,,,,,,,,,,,,,,
132.0,1950,1.0,PRK,USA,CONVENTIONAL,"CONVENTIONAL, ECONOMIC",4.0,4.0,1.0,9.0,0.0,1.0,1.0,1.0,0.0,4.0,,,,,,,,,,,,,,,,
133.0,1950,1.0,CHN,NTH,CONVENTIONAL,CONVENTIONAL,3.0,3.0,1.0,13.0,0.0,,1.0,1.0,0.0,5.0,,,,,,,,,,,,,,,,
134.0,1951,1.0,,,,,,,,,,,,,,,,,,,,,,,,,,,,,,
135.0,1951,1.0,IND,PAK,"CONVENTIONAL, OTHER","CONVENTIONAL, OTHER",2.0,2.0,0.0,2.0,1.0,1.0,1.0,1.0,0.0,2.0,NEUTRAL,NEUTRAL,,,,,,,,,,,,,,
136.0,1951,1.0,,,,,,,,,,,,,,,,,,,,,,,,,,,,,,
139.0,1953,1.0,,,,,,,,,,,,,,,,,,,,,,,,,,,,,,
140.0,1953,1.0,PRK,USA,CONVENTIONAL,CONVENTIONAL,3.0,3.0,1.0,,0.0,,1.0,1.0,0.0,3.0,LOSS,WIN,,,,,,,,,,,,,,
142.0,1953,1.0,ITA,YUG,,,,,,,,,,,,,,,,,,,,,,,,,,,,
144.0,1953,1.0,USA,GUA,"ECONOMIC, OTHER",,3.0,1.0,1.0,5.0,1.0,1.0,1.0,0.0,1.0,2.0,WIN,LOSS,,,,,,,,,,,,,,
145.0,1954,1.0,FRN,CHN,,ECONOMIC,1.0,3.0,0.0,5.0,1.0,0.0,0.0,1.0,1.0,3.0,LOSS,WIN,,,,,,,,,,,,,,
146.0,1954,1.0,CHN,TAW,,,,,,,,,,,,,,,,,,,,,,,,,,,,
147.0,1955,1.0,,,,,,,,,,,,,,,,,,,,,,,,,,,,,,
149.0,1955,1.0,ISR,EGY,CONVENTIONAL,"CONVENTIONAL, ECONOMIC",3.0,3.0,1.0,3.0,0.0,0.0,1.0,1.0,1.0,3.0,WIN,LOSS,,,,,,,,,,,,,,
150.0,1955,1.0,,,,,,,,,,,,,,,,,,,,,,,,,,,,,,
152.0,1956,1.0,UKG,EGY,CONVENTIONAL,CONVENTIONAL,3.0,3.0,1.0,5.0,0.0,0.0,1.0,1.0,,2.0,NEUTRAL,NEUTRAL,,,,,,,,,,,,,,
153.0,1956,1.0,ISR,IRQ,,CONVENTIONAL,1.0,4.0,0.0,3.0,0.0,1.0,1.0,1.0,1.0,3.0,NEUTRAL,NEUTRAL,,,,,,,,,,,,,,
156.0,1957,1.0,NIC,HON,CONVENTIONAL,CONVENTIONAL,4.0,4.0,1.0,2.0,0.0,0.0,1.0,1.0,1.0,3.0,LOSS,WIN,,,,,,,,,,,,,,
159.0,1957,1.0,USA,EGY,CONVENTIONAL,CONVENTIONAL,2.0,2.0,0.0,5.0,1.0,1.0,1.0,1.0,1.0,3.0,NEUTRAL,NEUTRAL,,,,,,,,,,,,,,
162.0,1957,1.0,SYR,JOR,OTHER,OTHER,2.0,2.0,0.0,4.0,0.0,0.0,1.0,1.0,0.0,2.0,NEUTRAL,NEUTRAL,,,,,,,,,,,,,,
165.0,1958,1.0,EGY,UKG,,CONVENTIONAL,1.0,3.0,0.0,6.0,1.0,1.0,1.0,1.0,0.0,2.0,NEUTRAL,NEUTRAL,,,,,,,,,,,,,,
166.0,1958,1.0,CHN,USA,CONVENTIONAL,CONVENTIONAL,4.0,4.0,0.0,4.0,0.0,1.0,1.0,1.0,0.0,4.0,NEUTRAL,WIN,,,,,,,,,,,,,,
168.0,1958,1.0,RUS,USA,OTHER,OTHER,3.0,3.0,0.0,6.0,0.0,1.0,1.0,1.0,0.0,4.0,NEUTRAL,NEUTRAL,,,,,,,,,,,,,,
169.0,1958,1.0,GUA,MEX,OTHER,OTHER,3.0,3.0,0.0,2.0,1.0,0.0,1.0,1.0,1.0,3.0,NEUTRAL,NEUTRAL,,,,,,,,,,,,,,
170.0,1959,1.0,COS,NIC,"CONVENTIONAL, OTHER",OTHER,2.0,2.0,0.0,2.0,1.0,0.0,1.0,1.0,1.0,2.0,NEUTRAL,NEUTRAL,,,,,,,,,,,,,,
171.0,1959,1.0,CHN,IND,CONVENTIONAL,CONVENTIONAL,4.0,4.0,1.0,2.0,0.0,1.0,1.0,1.0,0.0,3.0,NEUTRAL,NEUTRAL,,,,,,,,,,,,,,
172.0,1959,1.0,IRQ,IRN,"CONVENTIONAL, OTHER","CONVENTIONAL, OTHER",4.0,4.0,1.0,2.0,1.0,0.0,1.0,1.0,0.0,3.0,NEUTRAL,NEUTRAL,,,,,,,,,,,,,,
173.0,1960,1.0,EGY,ISR,CONVENTIONAL,CONVENTIONAL,3.0,4.0,0.0,2.0,1.0,0.0,1.0,1.0,0.0,2.0,WIN,NEUTRAL,,,,,,,,,,,,,,
175.0,1960,1.0,DOM,USA,,ECONOMIC,1.0,3.0,0.0,3.0,0.0,1.0,1.0,1.0,1.0,3.0,LOSS,NEUTRAL,,,,,,,,,,,,,,
176.0,1960,1.0,RUS,BEL,,,,,1.0,3.0,0.0,1.0,1.0,1.0,1.0,2.0,WIN,LOSS,,,,,,,,,,,,,,
177.0,1960,1.0,MLI,SEN,CONVENTIONAL,CONVENTIONAL,1.0,1.0,0.0,2.0,1.0,1.0,1.0,1.0,1.0,1.0,LOSS,WIN,,,,,,,,,,,,,,
178.0,1960,1.0,GUA,USA,,CONVENTIONAL,,2.0,1.0,3.0,0.0,1.0,1.0,1.0,0.0,1.0,WIN,WIN,,,,,,,,,,,,,,
180.0,1961,1.0,RUS,USA,CONVENTIONAL,CONVENTIONAL,3.0,3.0,1.0,4.0,0.0,1.0,1.0,1.0,1.0,2.0,NEUTRAL,NEUTRAL,https://apps.dtic.mil/sti/tr/pdf/ADA243492.pdf,,,,,,,,,,,,,
181.0,1961,1.0,RUS,USA,CONVENTIONAL,,2.0,,0.0,3.0,0.0,1.0,1.0,1.0,1.0,1.0,WIN,LOSS,"https://www.cia.gov/stories/story/the-bay-of-pigs-invasion/, https://history.state.gov/milestones/1961-1968/bay-of-pigs, https://www.sog.unc.edu/sites/www.sog.unc.edu/files/course_materials/Bay%20of%20Pigs%20case.pdf",,,,,,,,,,,,,
182.0,1961,1.0,RUS,PAK,,,,,1.0,4.0,0.0,0.0,1.0,1.0,0.0,2.0,NEUTRAL,NEUTRAL,https://web.stanford.edu/group/tomzgroup/pmwiki/uploads/1303-1961-06-KS-AJG.pdf,,,,,,,,,,,,,
183.0,1961,1.0,IRQ,UKG,CONVENTIONAL,,3.0,,0.0,3.0,0.0,1.0,1.0,1.0,1.0,3.0,LOSS,WIN,https://apps.dtic.mil/sti/tr/pdf/ADA529668.pdf,,,,,,,,,,,,,
184.0,1961,1.0,FRN,TUN,CONVENTIONAL,CONVENTIONAL,3.0,2.0,1.0,2.0,1.0,0.0,1.0,1.0,1.0,2.0,WIN,LOSS,"https://web.archive.org/web/20101018222940/http://www.time.com/time/magazine/article/0,9171,938175-1,00.html, https://www.jstor.org/stable/4324727?seq=9",,,,,,,,,,,,,
185.0,1961,1.0,RUS,USA,CONVENTIONAL,CONVENTIONAL,4.0,4.0,0.0,3.0,0.0,1.0,1.0,1.0,1.0,3.0,NEUTRAL,NEUTRAL,https://history.state.gov/milestones/1953-1960/berlin-crises,,,,,,,,,,,,,
186.0,1961,1.0,DRV,RVN,,,,,1.0,4.0,0.0,1.0,1.0,1.0,0.0,3.0,WIN,LOSS,https://timesmachine.nytimes.com/timesmachine/1961/09/19/97622797.html,,,,,,,,,,,,,
187.0,1961,1.0,INS,NTH,CONVENTIONAL; ECONOMIC,,4.0,,1.0,3.0,1.0,1.0,1.0,1.0,1.0,2.0,WIN,LOSS,"https://www.jstor.org/stable/20070166?seq=15, https://gdh-ghr.org/west-papua-project-ghr-wpp/west-papua-the-un/#:~:text=The%20West%20New%20Guinea%20dispute,territory%20of%20Netherlands%20New%20Guinea.",,,,,,,,,,,,,
193.0,1962,1.0,USA,CHN,,,,,0.0,5.0,0.0,1.0,0.0,1.0,0.0,4.0,NEUTRAL,NEUTRAL,"https://www.history.navy.mil/research/library/online-reading-room/title-list-alphabetically/b/by-sea-air-land-marolda/chapter-2-the-era-of-growing-conflict-1959-1965.html,https://books.google.com/books?hl=en&lr=&id=WsULqb6k0BoC&oi=fnd&pg=PA283&dq=may+6+1962+pathet+lao+attack+nam+tha&ots=iJkLPBYskI&sig=qFRa1vOs_NKsJ7NrW7_3bd-1qBI#v=onepage&q=nam%20tha&f=false",,,,,,,,,,,,,
194.0,1962,1.0,CHN,USA,,,,,0.0,7.0,0.0,1.0,1.0,1.0,0.0,1.0,WIN,NEUTRAL,https://eastasiaforum.org/2011/08/02/china-s-india-war-how-the-chinese-saw-the-1962-conflict/,,,,,,,,,,,,,
195.0,1962,1.0,RUS,SAU,,,,,1.0,5.0,0.0,0.0,1.0,1.0,1.0,2.0,WIN,LOSS,https://www.brookings.edu/articles/john-f-kennedys-yemen-crisis/,,,,,,,,,,,,,
196.0,1962,1.0,USA,CUB,CONVENTIONAL,CONVENTIONAL,5.0,5.0,0.0,3.0,1.0,0.0,1.0,1.0,1.0,1.0,NEUTRAL,NEUTRAL,https://history.state.gov/milestones/1961-1968/cuban-missile-crisis,,,,,,,,,,,,,
197.0,1963,1.0,INS,MAL,,,,,1.0,4.0,0.0,1.0,1.0,1.0,1.0,2.0,LOSS,WIN,"https://www.awm.gov.au/articles/atwar/indonesian-confrontation, https://www.nam.ac.uk/explore/indonesian-confrontation",,,,,,,,,,,,,
198.0,1963,1.0,HAI,DOM,,CONVENTIONAL,,3.0,0.0,2.0,0.0,1.0,1.0,1.0,0.0,2.0,NEUTRAL,NEUTRAL,"https://history.state.gov/historicaldocuments/frus1961-63v12/d379, https://web.mit.edu/cascon/cases/case_drh.html",,,,,,,,,,,,,
199.0,1963,1.0,MOR,ALG,,,,,1.0,4.0,0.0,0.0,1.0,1.0,1.0,3.0,WIN,LOSS,https://www.jstor.org/stable/3011767?seq=1,,,,,,,,,,,,,
202.0,1963,1.0,TUR,CYP,CONVENTIONAL,,3.0,,1.0,3.0,1.0,1.0,1.0,1.0,1.0,3.0,NEUTRAL,NEUTRAL,"https://uca.edu/politicalscience/home/research-projects/dadm-project/europerussiacentral-asia-region/cyprus-1960-present/, https://web.mit.edu/cascon/cases/case_cyc.html",,,,,,,,,,,,,
203.0,1964,1.0,ISR,JOR,,,,,0.0,4.0,1.0,0.0,1.0,1.0,0.0,1.0,WIN,LOSS,,,,,,,,,,,,,,
204.0,1964,1.0,DO NOT DO,,,,,,,,,,,,,3.0,,,,,,,,,,,,,,,,
205.0,1963,1.0,CHN,RWA,,,,,1.0,2.0,0.0,0.0,1.0,1.0,1.0,4.0,LOSS,WIN,https://en.wikipedia.org/wiki/Bugesera_invasion,,,,,,,,,,,,,
206.0,1964,1.0,PAN,USA,,,,,1.0,2.0,1.0,1.0,1.0,1.0,1.0,2.0,NEUTRAL,NEUTRAL,"https://content.time.com/time/subscriber/article/0,33009,875586-1,00.html, https://www.jstor.org/stable/24914772?read-now=1&oauth_data=eyJlbWFpbCI6InNhbWlyLnRyYXZlcnNAZ21haWwuY29tIiwiaW5zdGl0dXRpb25JZHMiOltdLCJwcm92aWRlciI6Imdvb2dsZSJ9&seq=2#page_scan_tab_contents",,,,,,,,,,,,,
208.0,1964,1.0,ETH,SOM,,,,,1.0,2.0,0.0,0.0,1.0,1.0,1.0,3.0,WIN,LOSS,"https://scholarworks.wmich.edu/cgi/viewcontent.cgi?article=1123&context=africancenter_icad_archive, https://en.wikipedia.org/wiki/1964_Ethiopian%E2%80%93Somali_Border_War#:~:text=The%201964%20Ethiopian%E2%80%93Somali%20Border,from%20February%20to%20April%201964.",,,,,,,,,,,,,
209.0,,1.0,DO NOT DO,,,,,,,,,,,,,,,,,,,,,,,,,,,,,
210.0,1964,1.0,USA,RVN,,,,,1.0,3.0,1.0,0.0,1.0,1.0,0.0,4.0,NEUTRAL,NEUTRAL,"https://www.cfr.org/blog/twe-remembers-gulf-tonkin-incident, https://www.usni.org/magazines/naval-history-magazine/2008/february/truth-about-tonkin",,,,,,,,,,,,,
211.0,1964,1.0,RUS,USA,CONVENTIONAL,,3.0,,1.0,4.0,0.0,1.0,1.0,1.0,0.0,3.0,LOSS,WIN,"https://apps.dtic.mil/sti/citations/ADA094969, https://www.thedailybeast.com/argo-in-the-congo-the-ghosts-of-the-stanleyville-hostage-crisis, https://en.wikipedia.org/wiki/Operation_Dragon_Rouge",,,,,,,,,,,,,
212.0,,1.0,,,,,,,,,,,,,,,,,,,,,,,,,,,,,,
213.0,1965,1.0,RUS,USA,,,,,1.0,4.0,0.0,1.0,1.0,1.0,0.0,3.0,WIN,LOSS,"https://www.vietnamwar50th.com/1965_stemming_the_tide/Viet-Cong-Attacks-Near-Pleiku/#:~:text=February%207%2C%201965&text=Early%20in%20the%20morning%2C%20while,the%20South%20Vietnamese%20Central%20Highlands., https://en.wikipedia.org/wiki/Attack_on_Camp_Holloway",,,,,,,,,,,,,
214.0,1965,1.0,IND,PAK,,,,,1.0,2.0,1.0,0.0,1.0,1.0,1.0,4.0,NEUTRAL,NEUTRAL,https://www.tandfonline.com/doi/epdf/10.1080/01402390.2019.1571996?needAccess=true,,,,,,,,,,,,,
216.0,1965,1.0,CHN,USA,,NUCLEAR,,5.0,0.0,4.0,0.0,1.0,1.0,1.0,0.0,4.0,LOSS,WIN,file:///C:/Users/btrok/Downloads/A_Review_of_American_Policy_du.pdf,https://www.jstor.org/stable/651844?seq=6,,,,,,,,,,,,
219.0,1996,1.0,RUS,YEM,,,,,1.0,5.0,0.0,0.0,1.0,1.0,0.0,4.0,LOSS,WIN,,,,,,,,,,,,,,
220.0,1966,1.0,ISR,JOR,,,,,1.0,2.0,1.0,0.0,1.0,1.0,1.0,2.0,WIN,LOSS,https://www.jstor.org/stable/30246785?seq=15,https://en.wikipedia.org/wiki/Samu_incident,,,,,,,,,,,,
222.0,1967,1.0,ISR,EGY,CONVENTIONAL,"CONVENTIONAL, ECONOMIC",4.0,3.0,1.0,15.0,1.0,0.0,1.0,1.0,1.0,5.0,WIN,LOSS,https://www.jewishvirtuallibrary.org/jsource/isdf/text/tal.pdf,,,,,,,,,,,,,
223.0,1967,1.0,CYP,TUR,,,,,1.0,3.0,0.0,1.0,1.0,1.0,0.0,2.0,NEUTRAL,NEUTRAL,https://uca.edu/politicalscience/home/research-projects/dadm-project/europerussiacentral-asia-region/cyprus-1960-present/,,,,,,,,,,,,,
224.0,1968,1.0,RUS,USA,CONVENTIONAL,,2.0,,0.0,3.0,0.0,1.0,1.0,1.0,1.0,2.0,WIN,LOSS,"https://www.smithsonianmag.com/smart-news/time-us-nearly-nuked-north-korea-over-highjacked-spy-ship-180949514/#:~:text=In%20the%20tense%20aftermath%20of,out%20North%20Korea's%20air%20force.",https://www.wilsoncenter.org/sites/default/files/media/documents/publication/CWIHP_WP_47.pdf,,,,,,,,,,,,
225.0,1968,1.0,DRV,THA,,,,,1.0,8.0,0.0,1.0,1.0,1.0,0.0,2.0,LOSS,WIN,"https://journals.lib.unb.ca/index.php/jcs/article/view/292/465#:~:text=Thai%20units%20even%20engaged%20the,against%20either%20Laos%20or%20North",,,,,,,,,,,,,
226.0,1968,1.0,ISR,JOR,,,,,1.0,2.0,1.0,0.0,1.0,1.0,1.0,3.0,WIN,LOSS,https://www.jstor.org/stable/4329583?seq=2,https://www.athensjournals.gr/history/2021-7-2-4-Omar.pdf,,,,,,,,,,,,
227.0,1968,1.0,POL,CZE,CONVENTIONAL,,2.0,,1.0,6.0,0.0,1.0,1.0,1.0,1.0,3.0,WIN,LOSS,,,,,,,,,,,,,,
230.0,1969,1.0,DRV,USA,,,,,1.0,4.0,0.0,1.0,1.0,1.0,0.0,4.0,NEUTRAL,NEUTRAL,https://www.vietnamwar50th.com/education/week_of_february_21/,https://vva.vietnam.ttu.edu/images.php?img=/images/739/7390112001a.pdf,,,,,,,,,,,,
231.0,1969,1.0,CHN,RUS,"NUCLEAR, CONVENTIONAL",CONVENTIONAL,5.0,4.0,1.0,2.0,0.0,0.0,1.0,1.0,1.0,4.0,WIN,LOSS,https://www.cna.org/archive/CNA_Files/pdf/d0022974.a2.pdf,https://www.jstor.org/stable/3657368,,,,,,,,,,,,
232.0,1969,1.0,JOR,ISR,,,,,1.0,6.0,0.0,1.0,1.0,1.0,0.0,3.0,NEUTRAL,NEUTRAL,,,,,,,,,,,,,,
234.0,1969,1.0,IRN,IRQ,CONVENTIONAL,CONVENTIONAL,2.0,2.0,0.0,2.0,0.0,0.0,1.0,1.0,0.0,1.0,NEUTRAL,NEUTRAL,https://www.jstor.org/stable/41392981?seq=5,,,,,,,,,,,,,
235.0,1969,1.0,SAL,HON,,,,,1.0,2.0,0.0,0.0,1.0,1.0,1.0,1.0,NEUTRAL,NEUTRAL,https://www.jstor.org/stable/2613335?seq=6,https://en.wikipedia.org/wiki/Football_War,https://oxfordre.com/latinamericanhistory/display/10.1093/acrefore/9780199366439.001.0001/acrefore-9780199366439-e-911,,,,,,,,,,,
237.0,1970,1.0,DRV,RVN,,,,,1.0,4.0,0.0,1.0,1.0,1.0,0.0,3.0,LOSS,WIN,,,,,,,,,,,,,,
238.0,1970,1.0,JOR,IRQ,,CONVENTIONAL,,2.0,1.0,4.0,0.0,0.0,1.0,1.0,1.0,2.0,WIN,LOSS,,,,,,,,,,,,,,
241.0,1971,1.0,DRV,LAO,CONVENTIONAL,,3.0,0.0,0.0,4.0,0.0,0.0,1.0,1.0,0.0,3.0,NEUTRAL,LOSS,,,,,,,,,,,,,,
242.0,1971,1.0,RUS,USA,,,0.0,0.0,0.0,5.0,0.0,0.0,1.0,1.0,0.0,1.0,WIN,LOSS,,,,,,,,,,,,,,
243.0,1971,1.0,LIB,CHA,OTHER,OTHER,1.0,1.0,0.0,2.0,0.0,0.0,1.0,1.0,1.0,1.0,NEUTRAL,NEUTRAL,,,,,,,,,,,,,,
245.0,1971,1.0,TAZ,UGA,,CONVENTIONAL,2.0,4.0,1.0,5.0,0.0,0.0,1.0,1.0,0.0,3.0,WIN,LOSS,,,,,,,,,,,,,,
246.0,1972,2.0,USA,DRV,CONVENTIONAL,,3.0,,1.0,3.0,1.0,0.0,1.0,1.0,0.0,2.0,NEUTRAL,NEUTRAL,,,,,,,,,,,,,,
247.0,1972,1.0,TAZ,LIB,,,,,0.0,3.0,0.0,0.0,1.0,1.0,1.0,1.0,NEUTRAL,NEUTRAL,,,,,,,,,,,,,,
248.0,1972,1.0,YAR,LIB,,,4.0,2.0,1.0,10.0,0.0,0.0,1.0,1.0,0.0,2.0,LOSS,WIN,,,,,,,,,,,,,,
249.0,1972,1.0,USA,DRV,CONVENTIONAL,,3.0,,1.0,3.0,1.0,0.0,1.0,0.0,0.0,2.0,WIN,LOSS,,,,,,,,,,,,,,
254.0,1973,1.0,UKG,ICE,CONVENTIONAL,CONVENTIONAL,1.0,1.0,0.0,3.0,1.0,1.0,1.0,1.0,1.0,1.0,LOSS,WIN,,,,,,,,,,,,,,
255.0,1973,11.0,USA,GDR,,,1.0,1.0,0.0,12.0,1.0,0.0,1.0,1.0,0.0,1.0,NEUTRAL,NEUTRAL,,,,,,,,,,,,,,
257.0,1974,2.0,TUR,GRC,CONVENTIONAL,,2.0,2.0,1.0,3.0,0.0,0.0,1.0,1.0,0.0,3.0,WIN,LOSS,,,,,,,,,,,,,,
258.0,1974,1.0,CAMÂ ,RUS,,,1.0,1.0,0.0,9.0,0.0,0.0,1.0,1.0,0.0,1.0,LOSS,WIN,,,,,,,,,,,,,,
259.0,1975,1.0,CAM,USA,CONVENTIONAL,CONVENTIONAL,1.0,1.0,1.0,2.0,0.0,1.0,1.0,1.0,1.0,1.0,LOSS,WIN,,,,,,,,,,,,,,
260.0,1975,1.0,USA,RUS,,,,,0.0,5.0,1.0,0.0,1.0,1.0,1.0,3.0,LOSS,WIN,,,,,,,,,,,,,,
261.0,1975,1.0,SPN,MOR,,,,,0.0,4.0,1.0,0.0,1.0,1.0,1.0,1.0,NEUTRAL,WIN,,,,,,,,,,,,,,
263.0,1975,1.0,UKG,ICE,CONVENTIONAL,CONVENTIONAL,1.0,1.0,0.0,2.0,1.0,1.0,1.0,1.0,0.0,1.0,LOSS,WIN,,,,,,,,,,,,,,
267.0,1976,1.0,ZIM,MZM,CONVENTIONAL,CONVENTIONAL,2.0,2.0,1.0,2.0,0.0,0.0,1.0,1.0,1.0,2.0,NEUTRAL,NEUTRAL,,,,,,,,,,,,,,
270.0,1976,1.0,ISR,UGA,CONVENTIONAL,CONVENTIONAL,2.0,2.0,1.0,3.0,1.0,0.0,1.0,1.0,1.0,3.0,WIN,LOSS,,,,,,,,,,,,,,
272.0,1976,1.0,GRC,TUR,,,,,0.0,2.0,1.0,1.0,1.0,1.0,1.0,1.0,NEUTRAL,NEUTRAL,,,,,,,,,,,,,,
274.0,1976,1.0,ROK,PRK,CONVENTIONAL,CONVENTIONAL,2.0,2.0,1.0,3.0,0.0,0.0,1.0,1.0,0.0,2.0,NEUTRAL,NEUTRAL,,,,,,,,,,,,,,
277.0,1977,2.0,BEL,ANG,,,,,0.0,6.0,1.0,0.0,1.0,1.0,1.0,2.0,NEUTRAL,NEUTRAL,,,,,,,,,,,,,,
281.0,1977,1.0,EGY,RUS,,,,,0.0,4.0,0.0,0.0,1.0,1.0,1.0,2.0,,,,,,,,,,,,,,,,
282.0,1977,1.0,ETH,SOM,CONVENTIONAL,CONVENTIONAL,4.0,4.0,1.0,7.0,0.0,0.0,1.0,1.0,0.0,4.0,WIN,LOSS,,,,,,,,,,,,,,
284.0,1977,1.0,CAM,DRV,CONVENTIONAL,CONVENTIONAL,3.0,3.0,1.0,5.0,0.0,0.0,1.0,1.0,0.0,3.0,LOSS,WIN,,,,,,,,,,,,,,
285.0,1977,1.0,FRN,ALG,CONVENTIONAL,,1.0,,1.0,2.0,1.0,0.0,1.0,1.0,1.0,1.0,WIN,LOSS,,,,,,,,,,,,,,
287.0,1977,1.0,ARG,CHL,,,,,0.0,2.0,0.0,0.0,1.0,1.0,1.0,1.0,NEUTRAL,NEUTRAL,,,,,,,,,,,,,,
288.0,1978,1.0,LIB,CHA,,CONVENTIONAL,,1.0,1.0,2.0,0.0,0.0,1.0,1.0,0.0,2.0,WIN,LOSS,,,,,,,,,,,,,,
290.0,1978,2.0,LIB,CHA,,CONVENTIONAL,,2.0,1.0,3.0,0.0,0.0,1.0,1.0,0.0,2.0,LOSS,WIN,,,,,,,,,,,,,,
291.0,1978,1.0,SAF,CUB,CONVENTIONAL,CONVENTIONAL,3.0,2.0,1.0,3.0,0.0,0.0,1.0,1.0,1.0,2.0,NEUTRAL,NEUTRAL,,,,,,,,,,,,,,
292.0,1978,1.0,DRC,ANG,CONVENTIONAL,,3.0,3.0,1.0,7.0,0.0,0.0,0.0,1.0,1.0,2.0,NEUTRAL,LOSS,,,,,,,,,,,,,,
293.0,1978,1.0,ZIM,ZAM,CONVENTIONAL,,4.0,3.0,1.0,2.0,0.0,0.0,1.0,0.0,1.0,3.0,WIN,LOSS,,,,,,,,,,,,,,
294.0,1978,1.0,NIC,COS,CONVENTIONAL,,2.0,3.0,1.0,3.0,0.0,0.0,0.0,1.0,1.0,3.0,LOSS,WIN,,,,,,,,,,,,,,
295.0,1978,1.0,CHL,ARG,,,2.0,2.0,0.0,2.0,0.0,0.0,1.0,1.0,1.0,0.0,NEUTRAL,NEUTRAL,,,,,,,,,,,,,,
296.0,1978,1.0,USA,LIB,,,2.0,1.0,0.0,4.0,1.0,0.0,1.0,0.0,1.0,1.0,NEUTRAL,NEUTRAL,,,,,,,,,,,,,,
298.0,1978,1.0,DRV,CAM,CONVENTIONAL,,3.0,2.0,1.0,3.0,0.0,0.0,1.0,0.0,0.0,2.0,NEUTRAL,NEUTRAL,,,,,,,,,,,,,,
300.0,1979,1.0,ZAM,SAF,,,1.0,1.0,0.0,6.0,0.0,0.0,0.0,0.0,0.0,1.0,NEUTRAL,NEUTRAL,,,,,,,,,,,,,,
301.0,1979,1.0,YEM,GER,,,1.0,1.0,0.0,6.0,0.0,0.0,1.0,1.0,0.0,1.0,NEUTRAL,NEUTRAL,,,,,,,,,,,,,,
303.0,1979,1.0,USA,RUS,,CONVENTIONAL,2.0,3.0,1.0,4.0,1.0,0.0,0.0,1.0,0.0,3.0,WIN,LOSS,,,,,,,,,,,,,,
304.0,1979,1.0,FRN,LIB,,CONVENTIONAL,1.0,2.0,1.0,3.0,0.0,0.0,0.0,1.0,0.0,2.0,NEUTRAL,NEUTRAL,,,,,,,,,,,,,,
305.0,1979,1.0,RUS,MOR,,,1.0,1.0,0.0,3.0,0.0,0.0,1.0,0.0,1.0,1.0,NEUTRAL,NEUTRAL,,,,,,,,,,,,,,
307.0,1979,1.0,BOT,ZAM,,CONVENTIONAL,2.0,3.0,1.0,4.0,0.0,0.0,0.0,1.0,0.0,3.0,NEUTRAL,LOSS,,,,,,,,,,,,,,
309.0,1979,1.0,USA,IRN,,,0.0,0.0,0.0,0.0,0.0,0.0,0.0,0.0,0.0,0.0,NEUTRAL,NEUTRAL,,,,,,,,,,,,,,
310.0,1979,1.0,USA,NIC,,,0.0,0.0,0.0,0.0,0.0,0.0,0.0,0.0,0.0,0.0,NEUTRAL,NEUTRAL,,,,,,,,,,,,,,
311.0,1980,1.0,USA,LIB,,,1.0,1.0,0.0,4.0,0.0,0.0,0.0,0.0,0.0,1.0,NEUTRAL,NEUTRAL,,,,,,,,,,,,,,
314.0,1980,1.0,EGY,LIB,,,1.0,1.0,0.0,2.0,0.0,0.0,0.0,1.0,0.0,1.0,NEUTRAL,NEUTRAL,,,,,,,,,,,,,,
315.0,1980,1.0,CZE,POL,,CONVENTIONAL,1.0,1.0,0.0,4.0,0.0,1.0,1.0,0.0,0.0,2.0,NEUTRAL,NEUTRAL,,,,,,,,,,,,,,
317.0,1980,1.0,IRQ,IRN,CONVENTIONAL,,3.0,,1.0,12.0,0.0,0.0,1.0,1.0,1.0,4.0,LOSS,WIN,,,,,,,,,,,,,,
320.0,1980,1.0,KEN,SOM,,,,,0.0,3.0,0.0,0.0,1.0,1.0,1.0,1.0,NEUTRAL,NEUTRAL,,,,,,,,,,,,,,
321.0,1981,1.0,LIB,CHA,CONVENTIONAL,,3.0,,1.0,5.0,0.0,0.0,1.0,1.0,0.0,3.0,LOSS,WIN,,,,,,,,,,,,,,
322.0,1981,1.0,ECU,PER,,,,,1.0,2.0,1.0,1.0,1.0,1.0,0.0,1.0,NEUTRAL,NEUTRAL,,,,,,,,,,,,,,
324.0,1981,1.0,IRQ,ISR,,,,,1.0,4.0,0.0,1.0,1.0,1.0,0.0,2.0,LOSS,WIN,,,,,,,,,https://en.wikipedia.org/wiki/Operation_Opera#International_political_reactions,,,,,
325.0,1981,1.0,VEN,GUY,,,,,0.0,2.0,1.0,0.0,1.0,1.0,1.0,1.0,NEUTRAL,NEUTRAL,,,,,,,,,,,,,,
326.0,1981,1.0,NIC,HON,,,,,1.0,2.0,0.0,0.0,1.0,1.0,0.0,1.0,NEUTRAL,NEUTRAL,,,,,,,,,,,,,,
327.0,1981,1.0,USA,ISR,ECONOMICAL,,1.0,,0.0,4.0,1.0,1.0,1.0,1.0,0.0,1.0,NEUTRAL,NUETRAL,,,,,,,,,,,,,,
328.0,1981,1.0,CAO,NIG,,,,,1.0,2.0,0.0,1.0,1.0,1.0,0.0,1.0,NEUTRAL,NEUTRAL,,,,,,,,,,,,,,
333.0,1981,1.0,RUS,SWD,,,,,0.0,2.0,0.0,1.0,1.0,1.0,1.0,1.0,NEUTRAL,NEUTRAL,,,,,,https://en.wikipedia.org/wiki/Soviet_submarine_S-363,,,,,,,,
334.0,1981,1.0,IRN,BAH,,,,,0.0,2.0,0.0,0.0,1.0,1.0,1.0,1.0,LOSS,WIN,,,,,,,,,https://www.nytimes.com/1982/07/25/world/1981-plot-in-bahrain-linked-to-iranians.html,,,,,
336.0,1982,2.0,ARG,UKG,ECONOMICAL,ECONOMICAL,1.0,1.0,1.0,5.0,0.0,1.0,1.0,1.0,1.0,2.0,LOSS,WIN,,,,,,,,,,,,,,
337.0,1982,1.0,ISR,SYR,,,,,1.0,2.0,1.0,0.0,1.0,1.0,1.0,3.0,NEUTRAL,NEUTRAL,,,,,,,,,,,,,,
338.0,1982,2.0,CUB,SOM,,,,,0.0,5.0,0.0,0.0,1.0,1.0,1.0,3.0,NEUTRAL,NEUTRAL,,,,,,,,,,,,,,
340.0,1987,1.0,SUD,RUS,,,,,0.0,5.0,0.0,0.0,1.0,1.0,1.0,1.0,NEUTRAL,NEUTRAL,,,,,,,,,,,,,,
341.0,1983,2.0,NIG,CHA,,,,,1.0,2.0,1.0,0.0,1.0,1.0,1.0,3.0,NEUTRAL,NEUTRAL,,,,,,,,,,,,,,
342.0,1983,1.0,FRN,RUS,,,,,0.0,4.0,1.0,0.0,1.0,1.0,1.0,1.0,NEUTRAL,NEUTRAL,,,,,,,,,,,,,,
343.0,1983,1.0,USA,GRN,,,,,1.0,4.0,1.0,0.0,1.0,1.0,1.0,2.0,WIN,LOSS,,,,,,,,,,,,,,
348.0,1984,2.0,IRN,USSR,,,,,0.0,10.0,0.0,0.0,1.0,1.0,1.0,1.0,NEUTRAL,NEUTRAL,,,,,,,,,,,,,,
350.0,1984,1.0,LIB,SUD,,,,,1.0,3.0,0.0,0.0,1.0,1.0,1.0,2.0,NEUTRAL,NEUTRAL,,,,,,,,,,,sudan had minor casualties but cannot place blame on who killed,,,
352.0,1984,1.0,CHN,DRV,,,,,1.0,2.0,0.0,0.0,1.0,1.0,1.0,3.0,NEUTRAL,NEUTRAL,,http://www.icb.umd.edu/dataviewer/?crisno=352,,,,,,,,,,,,
353.0,1984,1.0,LAO,THI,,,,,1.0,2.0,0.0,0.0,1.0,1.0,1.0,2.0,NEUTRAL,NEUTRAL,,,,,,,,,,,,,,
354.0,1984,2.0,USA,NIC,,,,,0.0,3.0,1.0,0.0,1.0,1.0,1.0,1.0,NEUTRAL,NEUTRAL,,,,,,,,,,,,,,
357.0,1985,1.0,ISR,SYR,,,,,1.0,2.0,1.0,0.0,1.0,1.0,1.0,2.0,NEUTRAL,NEUTRAL,,,,,,,,https://www.nytimes.com/1985/12/16/world/israel-says-syria-put-new-missiles-close-to-lebanon.html,,,,,,
358.0,1985,1.0,LIB,EGY,,,,,1.0,2.0,0.0,0.0,1.0,1.0,1.0,2.0,NEUTRAL,NEURTAL,,,,,,,,,,,"https://books.google.com/books?id=RHt4EAAAQBAJ&pg=PA472&lpg=PA472&dq=A+crisis+for+Egypt+was+triggered+on+23+November+1985+by+an+air+piracy+incident:+five+members+of+an+anti-Mubarak+group,+%22Egypt+Revolution,%22+took+control+of+an+Egypt+Air+flight+from+Athens+to+Cairo&source=bl&ots=8GdVxYJ_AP&sig=ACfU3U2URnQzT6GPoNzpj4D587t07K0IXA&hl=en&sa=X&ved=2ahUKEwiw7PWZusKFAxWiEFkFHXUKCG0Q6AF6BAgIEAM#v=onepage&q=A%20crisis%20for%20Egypt%20was%20triggered%20on%2023%20November%201985%20by%20an%20air%20piracy%20incident%3A%20five%20members%20of%20an%20anti-Mubarak%20group%2C%20%22Egypt%20Revolution%2C%22%20took%20control%20of%20an%20Egypt%20Air%20flight%20from%20Athens%20to%20Cairo&f=false",,,
359.0,1985,1.0,MLI,BFO,,,,,1.0,2.0,0.0,0.0,1.0,1.0,1.0,3.0,WIN,LOSS,,,,,,,,,,,,,,https://en.wikipedia.org/wiki/Agacher_Strip_War
361.0,1986,1.0,IRN,SAU,,,,,0.0,4.0,0.0,0.0,1.0,1.0,1.0,2.0,NEUTRAL,NEUTRAL,,,,,,,,,,,,,,
362.0,1986,1.0,FRN,LIB,,,,,1.0,4.0,1.0,0.0,1.0,1.0,1.0,3.0,WIN,LOSS,,,,,,,,,,,,,,
363.0,1986,1.0,USA,LIB,,,,,1.0,2.0,1.0,0.0,1.0,1.0,1.0,3.0,WIN,LOSS,,,,,,,https://en.wikipedia.org/wiki/1986_United_States_bombing_of_Libya,,,,,,,
365.0,1986,1.0,SAF,ZIM,,,,,1.0,4.0,0.0,1.0,1.0,1.0,0.0,1.0,WIN,LOSS,"The attacks were viewed as a blow to U.S. policy in southern Africa, which has attempted to reduce cross-border violence.",,,,,,,,,,,,,
369.0,1986,1.0,USA,NIC,,,,,1.0,3.0,0.0,0.0,1.0,1.0,0.0,1.0,NEUTRAL,NEUTRAL,,,,,,,,,,,,,,
370.0,1986,1.0,LIB,FRA,,,,,1.0,3.0,0.0,1.0,1.0,1.0,0.0,3.0,LOSS,WIN,referred to as great toyota war,,,,,,,,,,,,,
371.0,1987,1.0,CHN,DRV,,,,,1.0,2.0,0.0,0.0,1.0,1.0,0.0,2.0,LOSS,WIN,,,,,,,,,,,,,,
372.0,1987,1.0,PAK,IND,CONVENTIONAL,CONVENTIONAL,1.0,1.0,0.0,2.0,0.0,1.0,1.0,1.0,1.0,1.0,NEUTRAL,NEUTRAL,can also say india started it because it wrongfully thought pakistan army was where it wasn't,,,,,,,,,,,,,
375.0,1987,1.0,,,,,,,,,,,,,0.0,,,,couldn't find anything...,,,,,,,,,,,,,
376.0,1987,1.0,GRC,TUR,CONVENTIONAL,CONVENTIONAL,2.0,2.0,0.0,2.0,1.0,0.0,1.0,1.0,0.0,1.0,NEUTRAL,NEUTRAL,"Decently threatening conventional threats, as a war could have sparked, but I wouldn't code it higher because neither party actually wanted a war",,,,,,,,,,,,,
378.0,1987,1.0,SRI,IND,,,,,0.0,2.0,1.0,1.0,1.0,1.0,0.0,1.0,NEUTRAL,NEUTRAL,Not really a conflict,,,,,,,,,,,,,
379.0,1987,1.0,IRN,SAU,,,,,1.0,2.0,0.0,0.0,1.0,1.0,1.0,2.0,NEUTRAL,NEUTRAL,,,,,,,,,,,,,,
380.0,1987,1.0,SAF,CUB,,,,,1.0,3.0,0.0,0.0,1.0,1.0,1.0,1.0,WIN,LOSS,Could be classified as neutral for both countries but cuba's ally did lose,,,,,,,,,,,,,
381.0,1987,1.0,THI,LAO,,,,,1.0,2.0,1.0,0.0,1.0,1.0,0.0,2.0,NEUTRAL,NEUTRAL,Unclear who started the war,,,,,,,,,,,,,
382.0,1987,1.0,UGA,KEN,,,,,1.0,2.0,0.0,0.0,1.0,1.0,0.0,1.0,NEUTRAL,NEUTRAL,,,,,,,,,,,,,,
383.0,1988,1.0,USA,NIC,,,,,1.0,3.0,1.0,0.0,1.0,1.0,0.0,1.0,WIN,LOSS,"Operation golden phesant, salience might be 2 depending on how is interpreted",,,,,,,,,,,,,
384.0,1988,1.0,DRV,CHN,,,,,1.0,2.0,0.0,0.0,1.0,1.0,1.0,1.0,LOSS,WIN,"Johnson South Reef skirmish | Both sides say each other started it, and the official accounts are unclear. Coding made based on Koo Min Gyo, Assistant Professor in the Department of Public Administration at Yonsei University, Seoul, South Korea",,,,,,,,,,,,,
386.0,1988,1.0,USA,LIB,,,,,1.0,2.0,1.0,0.0,1.0,1.0,1.0,1.0,WIN,LOSS,"Could alternatively code that LIB started and that USA emposed economic sanctions if we think that the Pan american plane crash was caused by LIB. However, I believe they're two different events and the US just decided to shoot the two planes down. Furthermore, because of how criticized the US was, we could also code it as a L - L. |  | I am also uncertain about if the US really are the ones who started the conflic because they were trying to avoid the Libyan planes but the latter always came back into their direction...",,,,,,,,,,,,,
387.0,1989,1.0,SEN,MAA,,,,,1.0,4.0,0.0,1.0,1.0,1.0,1.0,2.0,NEUTRAL,NEUTRAL,"unsure of who started it, seems like border guards from Mauritania shot first (although their government claimed it was farmers)",,,,,,,,,,,,,
388.0,1989,1.0,,,,,,,,,,,,,,,,,,,,,,,,,,,,,,
391.0,1989,1.0,,,,,,,,,,,,,,,,,,,,,,,,,,,,,,
392.0,1990,1.0,IND,PAK,CONVENTIONAL,NUCLEAR,4.0,4.0,0.0,2.0,1.0,1.0,1.0,1.0,0.0,4.0,WIN,LOSS,,,,,,,,,,,,,,
393.0,1990,1.0,IRQ,SAU,CONVENTIONAL,CONVENTIONAL,3.0,4.0,1.0,9.0,0.0,0.0,1.0,1.0,1.0,5.0,LOSS,WIN,,,,,,,,,,,,,,
397.0,1991,1.0,CRO,YUG,CONVENTIONAL,CONVENTIONAL,5.0,5.0,1.0,3.0,0.0,0.0,1.0,1.0,0.0,,,,,,,,,,,,,,,,,
399.0,1991,1.0,BEL,DRC,CONVENTIONAL,CONVENTIONAL,2.0,1.0,1.0,3.0,1.0,0.0,1.0,1.0,1.0,2.0,NEUTRAL,NEUTRAL,,,,,,,,,,,,,,
400.0,1991,1.0,ECU,PER,CONVENTIONAL,,2.0,1.0,0.0,2.0,1.0,1.0,1.0,1.0,1.0,2.0,NEUTRAL,NEUTRAL,https://www.durham.ac.uk/media/durham-university/research-/research-centres/ibru-centre-for-borders-research/maps-and-databases/publications-database/boundary-amp-territory-briefings/btb_3-1.pdf,,,,,,,,,,,,,
401.0,1991,1.0,ARM,AZE,CONVENTIONAL,CONVENTIONAL,5.0,5.0,1.0,4.0,1.0,1.0,1.0,1.0,1.0,3.0,NEUTRAL,NEUTRAL,,,,,,,,,,,,,,
402.0,1992,1.0,EGY,SUD,CONVENTIONAL,,3.0,1.0,0.0,2.0,0.0,0.0,1.0,1.0,1.0,2.0,WIN,LOSS,https://sovereignlimits.com/blog/egypt-sudan-land-boundary,,,,,,,,,,,,,
403.0,1992,1.0,BOS,YUG,OTHER,CONVENTIONAL,2.0,4.0,1.0,3.0,0.0,0.0,1.0,1.0,0.0,5.0,WIN,LOSS,"https://diplomacy.state.gov/online-exhibits/diplomacy-ends-a-war-the-dayton-accords/april-1992-war-breaks-out-in-bosnia/, 
https://www.britannica.com/event/Bosnian-War, 
https://en.wikipedia.org/wiki/Bosnian_War",,,,,,,,,,,,,
404.0,1992,1.0,PNG,SOL,CONVENTIONAL,,2.0,1.0,1.0,2.0,0.0,0.0,1.0,1.0,1.0,2.0,NEUTRAL,NEUTRAL,"https://en.wikipedia.org/wiki/Bougainville_conflict, 
https://www.c-r.org/programme/pacific/bougainville-conflict-focus  ",,,,,,,,,,,,,
405.0,1992,1.0,MYA,THI,CONVENTIONAL,,4.0,1.0,1.0,2.0,0.0,1.0,1.0,1.0,1.0,2.0,WIN,LOSS,"https://www.washingtonpost.com/archive/politics/1992/02/12/burmese-rebel-prospects-rest-on-sleeping-dog-hill/94eae660-70dd-43e5-8855-49f6579738d4/, 
https://www.washingtonpost.com/archive/politics/1992/02/28/rebels-say-myanmar-is-making-air-strikes/4fb10657-dbd2-4e03-bd62-06a60da15f4c/",,,,,,,,,,,,,
408.0,1993,1.0,PRK,ROK,NUCLEAR,,3.0,1.0,0.0,3.0,1.0,1.0,1.0,1.0,1.0,2.0,NEUTRAL,NEUTRAL,,,,,,,,,,,,,,
409.0,1993,1.0,ISR,LEB,CONVENTIONAL,CONVENTIONAL,3.0,1.0,1.0,2.0,1.0,1.0,1.0,1.0,0.0,2.0,NEUTRAL,NEUTRAL,,,,,,,,,,,,,,
410.0,1993,2.0,NIG,CAO,CONVENTIONAL,CONVENTIONAL,3.0,3.0,1.0,2.0,0.0,0.0,1.0,1.0,0.0,1.0,NEUTRAL,NEUTRAL,,,,,,,,,,,,,,
411.0,1994,1.0,USA,HAI,CONVENTIONAL,,4.0,0.0,1.0,2.0,1.0,0.0,1.0,1.0,1.0,2.0,NEUTRAL,NEUTRAL,,,,,,,,,,,,,,
412.0,1994,1.0,IRQ,KUW,CONVENTIONAL,CONVENTIONAL,4.0,3.0,0.0,5.0,0.0,0.0,1.0,1.0,0.0,3.0,WIN,LOSS,,,,,,,,,,,,,,
413.0,1995,3.0,ECU,PER,CONVENTIONAL,CONVENTIONAL,3.0,3.0,1.0,2.0,1.0,1.0,1.0,1.0,0.0,3.0,WIN,LOSS,,,,,,,,,,,,,,
415.0,1995,1.0,CHN,USA,CONVENTIONAL,CONVENTIONAL,2.0,3.0,0.0,3.0,0.0,1.0,1.0,1.0,1.0,2.0,NEUTRAL,NEUTRAL,,,,,,,,,,,,,,
416.0,1995,1.0,ERI,YEM,CONVENTIONAL,CONVENTIONAL,3.0,2.0,1.0,2.0,0.0,1.0,1.0,1.0,1.0,2.0,NEUTRAL,NEUTRAL,,,,,,,,,,,,,,
417.0,1996,1.0,TUR,GRC,CONVENTIONAL,CONVENTIONAL,1.0,1.0,0.0,2.0,1.0,1.0,1.0,1.0,0.0,1.0,NEUTRAL,NEUTRAL,,,,,,,,,,,,,,
418.0,1996,1.0,ISR,LEB,CONVENTIONAL,,3.0,0.0,1.0,2.0,1.0,1.0,1.0,1.0,0.0,1.0,NEUTRAL,NEUTRAL,,,,,,,,,,,,,,
419.0,1996,1.0,IRQ,USA,CONVENTIONAL,CONVENTIONAL,2.0,1.0,1.0,2.0,0.0,1.0,1.0,1.0,0.0,1.0,NEUTRAL,NEUTRAL,,,,,,,,,,,,,,
420.0,1996,1.0,PRK,ROK,OTHER,OTHER,3.0,3.0,1.0,2.0,0.0,1.0,1.0,1.0,1.0,2.0,WIN,LOSS,,,,,,,,,,,,,,
421.0,1996,1.0,ERI,DRC,CONVENTIONAL,CONVENTIONAL,3.0,3.0,1.0,7.0,0.0,0.0,1.0,1.0,1.0,3.0,WIN,LOSS,,,,,,,,,,,,,,
422.0,1997,1.0,RUS,UKG,,CONVENTIONAL,1.0,1.0,0.0,6.0,0.0,1.0,1.0,1.0,0.0,1.0,WIN,LOSS,,,,,,,,,,,,,,
423.0,1998,1.0,GRC,TUR,CONVENTIONAL,CONVENTIONAL,1.0,1.0,0.0,4.0,1.0,0.0,1.0,1.0,1.0,2.0,NEUTRAL,NEUTRAL,,,,,,,,,,,,,,
424.0,1998,1.0,ERI,ETH,CONVENTIONAL,CONVENTIONAL,3.0,3.0,1.0,2.0,0.0,0.0,1.0,1.0,1.0,3.0,NEUTRAL,NEUTRAL,,,,,,,,,,,,,,
425.0,1998,1.0,IND,PAK,CONVENTIONAL,CONVENTIONAL,2.0,2.0,0.0,4.0,1.0,0.0,1.0,1.0,1.0,2.0,NEUTRAL,NEUTRAL,,,,,,,,,,,,,,
426.0,1998,1.0,ZIM,UGA,CONVENTIONAL,,2.0,1.0,1.0,10.0,0.0,0.0,1.0,1.0,1.0,3.0,WIN,LOSS,,,,,,,,,,,,,,
427.0,1998,1.0,AFG,USA,CONVENTIONAL,,4.0,1.0,1.0,3.0,0.0,1.0,1.0,1.0,1.0,4.0,LOSS,WIN,"https://www.fbi.gov/history/famous-cases/east-african-embassy-bombings,        
https://en.wikipedia.org/wiki/Operation_Infinite_Reach,        
https://en.wikipedia.org/wiki/1998_United_States_embassy_bombings,        
https://clinton.presidentiallibraries.us/items/show/36094",,,,,,,,,,,,,
429.0,1998,1.0,IRQ,UK,OTHER,CONVENTIONAL,2.0,4.0,1.0,3.0,0.0,1.0,1.0,1.0,0.0,3.0,LOSS,WIN,,,,,,,,,,,,,,
430.0,1999,1.0,ALB,YUG,CONVENTIONAL,CONVENTIONAL,4.0,4.0,1.0,12.0,1.0,0.0,1.0,1.0,0.0,5.0,WIN,LOSS,"https://en.wikipedia.org/wiki/Kosovo_War, 
https://www.britannica.com/event/Kosovo-conflict, 
https://en.wikipedia.org/wiki/NATO_bombing_of_Yugoslavia,
https://www.wsws.org/en/topics/event/1999-NATO-Serbia",,,,,,,,,,,,,
431.0,1999,1.0,PAK,IND,CONVENTIONAL,CONVENTIONAL,2.0,4.0,1.0,2.0,0.0,1.0,1.0,1.0,0.0,4.0,LOSS,WIN,"https://www.britannica.com/event/Kargil-War, 
https://en.wikipedia.org/wiki/Kargil_War  ",,,,,,,,,,,,,
432.0,1999,1.0,NEW,INS,CONVENTIONAL,,2.0,1.0,1.0,4.0,1.0,1.0,1.0,0.0,1.0,1.0,WIN,LOSS,,,,,,,,,,,,,,
434.0,2001,1.0,AFG,USA,CONVENTIONAL,,5.0,1.0,1.0,3.0,0.0,1.0,1.0,1.0,1.0,5.0,WIN,LOSS,"https://www.cfr.org/timeline/us-war-afghanistan,
https://www.britannica.com/event/Afghanistan-War  ",,,,,,,,,,,,,
435.0,2001-2002,1.0,PAK,IND,CONVENTIONAL,CONVENTIONAL,3.0,2.0,1.0,2.0,0.0,1.0,1.0,1.0,0.0,3.0,NEUTRAL,NEUTRAL,"https://en.wikipedia.org/wiki/2001_Indian_Parliament_attack, 
https://indianexpress.com/article/india/2001-parliament-attack-22-years-look-back-9066052/",,,,,,,,,,,,,
436.0,2002,1.0,PAK,IND,CONVENTIONAL,CONVENTIONAL,4.0,3.0,1.0,2.0,0.0,1.0,1.0,1.0,0.0,4.0,NEUTRAL,NEUTRAL,"https://en.wikipedia.org/wiki/Kaluchak_massacre, 
https://en.wikipedia.org/wiki/2001%E2%80%932002_India%E2%80%93Pakistan_standoff,
https://www.start.umd.edu/gtd/search/IncidentSummary.aspx?gtdid=200205140003",,,,,,,,,,,,,
437.0,2002,1.0,Not a conflict,,,,,,,,,,,,,,,,"https://www.voanews.com/a/a-13-a-2002-06-07-20-burma-66287147/541022.html, 
http://edition.cnn.com/2002/WORLD/asiapcf/southeast/06/11/thailand.myanmar/",,,,,,,,,,,,,
438.0,2002,1.0,MOR,SPN,CONVENTIONAL,CONVENTIONAL,2.0,2.0,0.0,2.0,0.0,1.0,1.0,1.0,1.0,1.0,LOSS,WIN,"https://en.wikipedia.org/wiki/Perejil_Island_crisis, 
https://www.theguardian.com/world/2002/jul/13/spain.gilestremlett",,,,,,,,,,,,,
439.0,2002,1.0,AFG,GRG,CONVENTIONAL,CONVENTIONAL,2.0,3.0,1.0,4.0,0.0,1.0,1.0,1.0,0.0,3.0,LOSS,WIN,"https://www.ojp.gov/ncjrs/virtual-library/abstracts/us-confronts-terror-georgias-pankisi-gorge, 
https://en.wikipedia.org/wiki/Pankisi_Gorge_crisis ",,,,,,,,,,,,,
440.0,2002,1.0,POL,IRQ,CONVENTIONAL,,2.0,1.0,1.0,5.0,1.0,0.0,1.0,1.0,0.0,3.0,WIN,LOSS,,,,,,,,,,,,,,
441.0,2002,1.0,PRK,USA,NUCLEAR,,2.0,1.0,0.0,2.0,0.0,1.0,1.0,1.0,0.0,2.0,NEUTRAL,NEUTRAL,"https://en.wikipedia.org/wiki/Timeline_of_the_North_Korean_nuclear_program, 
https://www.armscontrol.org/factsheets/dprkchron, 
https://www.cfr.org/timeline/north-korean-nuclear-negotiations  ",,,,,,,,,,,,,
442.0,2003,1.0,IRN,UKG,NUCLEAR,,2.0,1.0,0.0,4.0,0.0,1.0,1.0,1.0,1.0,3.0,LOSS,WIN,"https://carnegieendowment.org/2012/06/05/executive-summary-iranian-nuclear-crisis-pub-48326, 
https://en.wikipedia.org/wiki/Joint_Comprehensive_Plan_of_Action, 
https://www.cfr.org/global-conflict-tracker/conflict/confrontation-between-united-states-and-iran",,,,,,,,,,,,,
443.0,2003,1.0,ISR,SYR,CONVENTIONAL,,4.0,1.0,1.0,2.0,1.0,0.0,1.0,1.0,0.0,3.0,LOSS,WIN,"https://en.wikipedia.org/wiki/Ain_es_Saheb_airstrike, 
https://embassies.gov.il/MFA/FOREIGNPOLICY/Terrorism/Palestinian/Pages/Suicide%20bombing%20of%20Maxim%20restaurant%20in%20Haifa%20-%204-O.aspx",,,,,,,,,,,,,
444.0,2004,1.0,BUI,DRC,CONVENTIONAL,,2.0,1.0,1.0,3.0,0.0,0.0,1.0,1.0,0.0,2.0,NEUTRAL,NEUTRAL,,,,,,,,,,,,,,
445.0,2004,1.0,GRG,RUS,CONVENTIONAL,CONVENTIONAL,2.0,1.0,1.0,2.0,1.0,0.0,1.0,1.0,0.0,2.0,LOSS,WIN,,,,,,,,,,,,,,
446.0,2005,1.0,ETH,ERI,CONVENTIONAL,CONVENTIONAL,3.0,3.0,1.0,2.0,1.0,0.0,1.0,1.0,1.0,1.0,NEUTRAL,NEUTRAL,,,,,,,,,,,,,,
447.0,2005,1.0,CHA,SUD,CONVENTIONAL,CONVENTIONAL,1.0,1.0,1.0,2.0,1.0,0.0,1.0,1.0,1.0,3.0,NEUTRAL,NEUTRAL,,,,,,,,,,,,,,
448.0,2006,1.0,IRN,USA,,ECONOMIC,,1.0,0.0,3.0,0.0,1.0,1.0,1.0,0.0,3.0,NEUTRAL,NEUTRAL,,,,,,,,,,,,,,
450.0,2006,5.0,PRK,RUS,NUCLEAR,ECONOMIC,3.0,3.0,0.0,5.0,0.0,0.0,1.0,1.0,0.0,2.0,LOSS,NEUTRAL,,,,,,,,,,,,,,
451.0,2006,1.0,LEB,ISR,CONVENTIONAL,,2.0,,1.0,4.0,0.0,1.0,1.0,1.0,1.0,3.0,WIN,NEUTRAL,,,,,,,,,,,,,,
453.0,2007,2.0,CHA,SUD,,,,,,,,,,,,,,,,,,,,,,,,,,,,
454.0,2007,1.0,ETH,ERI,BORDER,,3.0,,1.0,2.0,1.0,0.0,1.0,1.0,0.0,1.0,NEUTRAL,NEUTRAL,,,,,,,,,,,,,,
455.0,2007,1.0,CHA,SUD,CONVENTIONAL,,1.0,1.0,1.0,2.0,1.0,0.0,1.0,1.0,0.0,2.0,NEUTRAL,NEUTRAL,,,,,,,,,,,,,,
456.0,2008,1.0,DJI,ERI,,BORDER,,3.0,1.0,2.0,0.0,0.0,1.0,1.0,1.0,3.0,NEUTRAL,NEUTRAL,,,,,,,,,,,,,,
457.0,2008,2.0,THI,CAM,,,,,,,,,,,,,,,,,,,,,,,,,,,,
458.0,2008,1.0,GRG,RUS,,CONVENTIONAL,,3.0,1.0,2.0,1.0,0.0,1.0,1.0,0.0,3.0,LOSS,WIN,,,,,,,,,,,,,,
459.0,2009,3.0,PRK,JPN,NUCLEAR,,3.0,,0.0,4.0,0.0,1.0,1.0,1.0,0.0,3.0,LOSS,NEUTRAL,,,,,,,,,,,,,,
460.0,2009,1.0,CHA,SUD,CONVENTIONAL,CONVENTIONAL,1.0,1.0,1.0,2.0,1.0,0.0,1.0,1.0,0.0,2.0,NEUTRAL,NEUTRAL,,,,,,,,,,,,,,
461.0,2010,1.0,PRK,ROK,CONVENTIONAL,,2.0,,1.0,2.0,0.0,1.0,1.0,1.0,1.0,2.0,NEUTRAL,NEUTRAL,,,,,,,,,,,,,,
462.0,2010,1.0,PRK,ROK,CONVENTIONAL,,3.0,,1.0,3.0,0.0,1.0,1.0,1.0,1.0,2.0,NEUTRAL,NEUTRAL,,,,,,,,,,,,,,
463.0,2011,1.0,THI,CAM,CONVENTIONAL,CONVENTIONAL,1.0,1.0,1.0,2.0,1.0,0.0,1.0,1.0,0.0,1.0,NEUTRAL,NEUTRAL,,,,,,,,,,,,,,
464.0,2011,1.0,USA,LIB,,CONVENTIONAL,,4.0,1.0,3.0,1.0,0.0,1.0,1.0,0.0,1.0,NEUTRAL,NEUTRAL,,,,,,,,,,,,,,
469.0,2013,4.0,CHN,PRK,OTHER,,2.0,,0.0,5.0,0.0,0.0,1.0,1.0,0.0,1.0,WIN,LOSS,,,,,,,,,,,,,,
470.0,2013,1.0,USA,SYR,CONVENTIONAL,,2.0,,0.0,2.0,1.0,0.0,1.0,1.0,1.0,1.0,NEUTRAL,LOSS,,,,,,,,,,,,,,
471.0,2014,1.0,RUS,UKR,CONVENTIONAL,,3.0,,1.0,2.0,0.0,1.0,1.0,1.0,0.0,2.0,NEUTRAL,NEUTRAL,,,,,,,,,,,,,,
472.0,2014,1.0,DRV,CHN,,CONVENTIONAL,,1.0,0.0,2.0,0.0,0.0,1.0,1.0,1.0,1.0,NEUTRAL,NEUTRAL,,,,,,,,,,,,,,
473.0,2014,1.0,IND,PAK,CONVENTIONAL,CONVENTIONAL,1.0,1.0,1.0,2.0,1.0,0.0,1.0,1.0,0.0,1.0,NEUTRAL,NEUTRAL,,,,,,,,,,,,,,
474.0,2015,4.0,SAU,IRN,CONVENTIONAL,,3.0,,1.0,10.0,0.0,0.0,1.0,1.0,1.0,2.0,NEUTRAL,NEUTRAL,,,,,,,,,,,,,,
475.0,2015,1.0,ROK,PRK,,CONVENTIONAL,,4.0,1.0,2.0,1.0,0.0,1.0,1.0,1.0,1.0,NEUTRAL,LOSS,,,,,,,,,,,,,,
476.0,2015,3.0,USA,RUS,ECONOMIC,,1.0,,0.0,3.0,1.0,0.0,1.0,1.0,1.0,1.0,NEUTRAL,NEUTRAL,,,,,,,,,,,,,,
477.0,2016,4.0,CHN,PRK,ECONOMIC,,3.0,,0.0,5.0,0.0,0.0,1.0,1.0,0.0,2.0,NEUTRAL,NEUTRAL,,,,,,,,,,,,,,
478.0,2016,2.0,AZE,ARM,CONVENTIONAL,,3.0,,1.0,2.0,0.0,1.0,1.0,1.0,1.0,3.0,WIN,LOSS,,,,,,,,,,,,,,
480.0,2016,2.0,AFG,PAK,CONVENTIONAL,,1.0,,1.0,2.0,1.0,1.0,1.0,1.0,0.0,2.0,NEUTRAL,NEUTRAL,,,,,,,,,,,,,,
481.0,2016,2.0,TUR,SYR,CONVENTIONAL,,3.0,,1.0,3.0,1.0,0.0,1.0,1.0,0.0,3.0,NEUTRAL,NEUTRAL,,,,,,,,,,,,,,
482.0,2016,2.0,PAK,IND,CONVENTIONAL,,2.0,,1.0,2.0,1.0,1.0,1.0,1.0,0.0,1.0,NEUTRAL,NEUTRAL,,,,,,,,,,,,,,
483.0,1999,1.0,RWA,UGA,CONVENTIONAL,,2.0,,1.0,3.0,0.0,1.0,1.0,1.0,1.0,1.0,NEUTRAL,NEUTRAL,,,,,,,,,,,,,,
484.0,2016,1.0,SER,KOS,,,,,,,,,,,,,,,,,,,,,,,,,,,,
485.0,2017,1.0,,,,,,,,,,,,,,,,,,,,,,,,,,,,,,
486.0,2017,4.0,SYR,USA,CONVENTIONAL,,3.0,,0.0,3.0,0.0,1.0,1.0,1.0,0.0,4.0,NEUTRAL,NEUTRAL,,,,,,,,,,,,,,
487.0,2017,4.0,PRK,USA,NUCLEAR,,4.0,,0.0,4.0,0.0,1.0,1.0,1.0,0.0,4.0,NEUTRAL,NEUTRAL,,,,,,,,,,,,,,
488.0,2018,1.0,IRN,ISR,CONVENTIONAL,,3.0,,1.0,3.0,0.0,1.0,1.0,1.0,0.0,3.0,LOSS,WIN,,,,,,,,,,,,,,
489.0,2018,3.0,RUS,UKG,CONVENTIONAL,,3.0,,0.0,5.0,0.0,1.0,1.0,1.0,0.0,3.0,NEUTRAL,NEUTRAL,,,,,,,,,,,,,,
491.0,2018,3.0,RUS,UKR,CONVENTIONAL,,2.0,,0.0,2.0,0.0,1.0,1.0,1.0,1.0,2.0,WIN,LOSS,,,,,,,,,,,,,,
492.0,2019,1.0,ISR,IRN,CONVENTIONAL,,3.0,,1.0,2.0,1.0,0.0,1.0,1.0,0.0,2.0,WIN,LOSS,,,,,,,,,,,,,,
494.0,2019,1.0,,,,,,,,,,,,,,,,,,,,,,,,,,,,,,
495.0,2019,2.0,USA,IRN,CONVENTIONAL,,3.0,,0.0,2.0,1.0,0.0,1.0,1.0,0.0,4.0,NEUTRAL,NEUTRAL,,,,,,,,,,,,,,
496.0,2019,4.0,IRN,SAU,ECONOMIC,,3.0,,0.0,2.0,0.0,1.0,1.0,1.0,0.0,3.0,WIN,LOSS,,,,,,,,,,,,,,
