coding_team,Crisis Name,Crisis Num.,Actors,Trig Date,Term Date,Summary Link,single
KatJosiah,TURKISH STRAITS,111,TUR; USA,08/07/1946,10/26/1946,TURKISH STRAITS,0
KatJosiah,COMMUNISM IN HUNGARY,113,RUS; HUN,02/10/1947,06/01/1947,COMMUNISM IN HUNGARY,0
KatJosiah,TRUMAN DOCTRINE,114,GRC; TUR; USA,02/21/1947,05/22/1947,TRUMAN DOCTRINE,0
KatJosiah,MARSHALL PLAN,115,RUS; CZE,07/03/1947,07/11/1947,MARSHALL PLAN,0
KatJosiah,INDONESIA INDEP. II,116,INS; NTH,07/21/1947,01/17/1948,INDONESIA INDEP. II,0
KatJosiah,JUNAGADH,118,IND; PAK,08/17/1947,02/24/1948,JUNAGADH,0
KatJosiah,KASHMIR I,119,IND; PAK,10/24/1947,01/01/1949,KASHMIR I,0
KatJosiah,PAL. PRT./ISRAEL IND.,120,IRQ; EGY; LEB; JOR; SYR; ISR,11/29/1947,07/20/1949,PAL. PRT./ISRAEL IND.,0
KatJosiah,COMMUNISM IN CZECH.,121,RUS; CZE,02/13/1948,02/25/1948,COMMUNISM IN CZECH.,0
KatJosiah,BERLIN BLOCKADE,123,RUS; FRN; UKG; USA,06/24/1948,05/12/1949,BERLIN BLOCKADE,0
KatJosiah,CHINA CIVIL WAR,125,USA; CHN,09/23/1948,12/08/1949,CHINA CIVIL WAR,0
KatJosiah,INDONESIA INDEP. III,127,INS; NTH,12/19/1948,12/27/1949,INDONESIA INDEP. III,0
KatJosiah,SINAI INCURSION,128,EGY; UKG; ISR,12/25/1948,01/10/1949,SINAI INCURSION,0
Kat,PUSHTUNISTAN I,129,AFG; PAK,03/1949,10/05/1950,PUSHTUNISTAN I,0
Kat,KOREAN WAR I,132,ROK; USA; CHN; TAW,06/25/1950,09/30/1950,KOREAN WAR I,0
Kat,KOREAN WAR II,133,PRK; CHN; RUS; USA; ROK,09/30/1950,07/10/1951,KOREAN WAR II,0
Kat,HULA DRAINAGE,134,SYR; ISR,02/12/1951,05/15/1951,HULA DRAINAGE,0
Kat,PUNJAB WAR SCARE I,135,IND; PAK,07/07/1951,08/1951,PUNJAB WAR SCARE I,0
Kat,SUEZ CANAL,136,EGY; UKG,07/30/1951,01/30/1952,SUEZ CANAL,0
Kat,INVASION OF LAOS I,139,FRN; LAO,03/24/1953,1953,INVASION OF LAOS I,0
Kat,KOREAN WAR III,140,USA; CHN; PRK; ROK,04/16/1953,07/27/1953,KOREAN WAR III,0
Kat,TRIESTE II,142,YUG; ITA,10/08/1953,12/05/1953,TRIESTE II,0
Kat,GUATEMALA,144,GUA; USA; HON,12/12/1953,06/29/1954,GUATEMALA,0
Kat,DIEN BIEN PHU,145,FRN; USA; UKG,03/13/1954,07/21/1954,DIEN BIEN PHU,0
Kat,TAIWAN STRAIT I,146,CHN; TAW; USA; TAW,08/1954,04/23/1955,TAIWAN STRAIT I,0
Kat,COSTA RICA/NIC. II,147,COS; NIC,01/08/1955,01/20/1955,COSTA RICA/NIC. II,0
Kat,GAZA RAID-CZECH. ARMS,149,EGY; ISR,02/28/1955,06/23/1956,GAZA RAID-CZECH. ARMS,0
Kat,PUSHTUNISTAN II,150,AFG; PAK,03/27/1955,11/1955,PUSHTUNISTAN II,0
Kat,SUEZ NATN.-WAR,152,FRN; UKG; EGY; RUS; USA; ISR,07/26/1956,03/12/1957,SUEZ NATN.-WAR,0
Josiah,QALQILYA,153,JOR; ISR,09/13/1956,10/1956,QALQILYA,0
Josiah,POLAND LIBERALIZATION,154,RUS; POL,10/15/1956,10/22/1956,POLAND LIBERALIZATION,0
Josiah,HUNGARIAN UPRISING,155,RUS; HUN,10/23/1956,01/1957,HUNGARIAN UPRISING,0
Josiah,MOCORON INCIDENT,156,NIC; HON,02/26/1957,05/09/1957,MOCORON INCIDENT,0
Josiah,SYRIA/TURKEY CONFRNT.,159,TUR; USA; SYR,08/18/1957,10/29/1957,SYRIA/TURKEY CONFRNT.,0
Josiah,FORMATION OF UAR,162,IRQ; JOR,02/01/1958,02/14/1958,FORMATION OF UAR,0
Josiah,IRAQ/LEB. UPHEAVAL,165,LEB; JOR; UKG; USA,05/08/1958,10/1958,IRAQ/LEB. UPHEAVAL,0
Josiah,TAIWAN STRAIT II,166,TAW; USA; CHN,07/17/1958,10/23/1958,TAIWAN STRAIT II,0
Josiah,CAMBODIA/THAILAND,167,THI; CAM,07/24/1958,02/06/1959,CAMBODIA/THAILAND,0
Josiah,BERLIN DEADLINE,168,FRN; UKG; USA; GFR; GDR; RUS,11/27/1958,09/15/1959,BERLIN DEADLINE,0
Josiah,MEX./GUAT. FISHING,169,GUA; MEX,12/29/1958,02/01/1959,MEX./GUAT. FISHING,0
Josiah,CEN. AMERICA/CUBA I,170,PAN; NIC; DOM; HAI,04/25/1959,12/1959,CEN. AMERICA/CUBA I,0
Josiah,CHINA/INDIA BRD. I,171,CHN; IND,08/25/1959,04/19/1960,CHINA/INDIA BRD. I,0
Josiah,SHATT-AL-ARAB I,172,IRQ; IRN,11/28/1959,01/04/1960,SHATT-AL-ARAB I,0
Josiah,ROTTEM,173,EGY; ISR,02/15/1960,03/08/1960,ROTTEM,0
Josiah,FAILED ASS. VENEZUELA,175,VEN; DOM,06/24/1960,09/1960,FAILED ASS. VENEZUELA,0
SamirAB,CONGO I-KATANGA,176,BEL; CON; CON,07/05/1960,02/15/1962,CONGO I-KATANGA,0
SamirAB,MALI FEDERATION,177,MLI; SEN,08/20/1960,09/22/1960,MALI FEDERATION,0
SamirAB,CEN. AMERICA/CUBA II,178,NIC; GUA,11/09/1960,12/07/1960,CEN. AMERICA/CUBA II,0
SamirAB,PATHET LAO OFFENSIVE,180,USA; THI,03/09/1961,05/16/1961,PATHET LAO OFFENSIVE,0
SamirAB,BAY OF PIGS,181,CUB; USA,04/15/1961,04/24/1961,BAY OF PIGS,0
SamirAB,PUSHTUNISTAN III,182,PAK; AFG,05/19/1961,01/29/1962,PUSHTUNISTAN III,0
SamirAB,KUWAIT INDEPENDENCE,183,IRQ; KUW; UKG,06/19/1961,07/13/1961,KUWAIT INDEPENDENCE,0
SamirAB,BIZERTA,184,FRN; TUN,07/17/1961,09/29/1961,BIZERTA,0
SamirAB,BERLIN WALL,185,GDR; RUS; FRN; UKG; GFR; USA,08/1961,10/28/1961,BERLIN WALL,0
SamirAB,VIET CONG ATTACK,186,RVN; USA,09/18/1961,11/15/1961,VIET CONG ATTACK,0
SamirAB,WEST IRIAN II,187,INS; NTH,09/26/1961,08/15/1962,WEST IRIAN II,0
SamirAB,NAM THA,193,THI; USA,05/06/1962,06/12/1962,NAM THA,0
SamirAB,CHINA/INDIA BDR. II,194,IND; CHN; IND,09/08/1962,01/23/1963,CHINA/INDIA BDR. II,0
Samir,YEMEN WAR I,195,JOR; SAU; EGY; YEM,09/26/1962,04/15/1963,YEMEN WAR I,0
Samir,CUBAN MISSILES,196,USA; CUB; RUS,10/16/1962,11/20/1962,CUBAN MISSILES,0
Samir,MALAYSIA FEDERATION,197,MAL; INS,02/11/1963,08/09/1965,MALAYSIA FEDERATION,0
Samir,DOM. REP./HAITI II,198,DOM; HAI,04/26/1963,06/03/1963,DOM. REP./HAITI II,0
Samir,ALGERIA/MOROCCO BDR.,199,ALG; MOR,10/01/1963,11/04/1963,ALGERIA/MOROCCO BDR.,0
Samir,CYPRUS I,202,TUR; CYP; GRC,11/30/1963,08/10/1964,CYPRUS I,0
Samir,JORDAN WATERS,203,JOR; LEB; SYR; EGY; ISR,12/11/1963,05/05/1964,JORDAN WATERS,0
Samir,DAHOMEY/NIGER,204,NIR; BEN,12/21/1963,01/04/1964,DAHOMEY/NIGER,0
Samir,BURUNDI/RWANDA,205,RWA; BUI,12/21/1963,04/1964,BURUNDI/RWANDA,0
Samir,PANAMA FLAG,206,PAN; USA,01/09/1964,01/12/1964,PANAMA FLAG,0
Samir,OGADEN I,208,ETH; SOM,02/07/1964,03/30/1964,OGADEN I,0
Samir,YEMEN WAR II,209,YEM; EGY; SAU,05/1964,11/08/1964,YEMEN WAR II,0
Samir,GULF OF TONKIN,210,DRV; USA,07/30/1964,08/1964,GULF OF TONKIN,0
Samir,CONGO II,211,CON; BEL; USA; RUS,08/04/1964,12/30/1964,CONGO II,0
Samir,YEMEN WAR III,212,EGY; YEM; SAU,12/03/1964,08/25/1965,YEMEN WAR III,0
Samir,PLEIKU,213,RVN; USA; DRV,02/07/1965,03/1965,PLEIKU,0
Samir,RANN OF KUTCH,214,IND; PAK,04/08/1965,06/30/1965,RANN OF KUTCH,0
AB,KASHMIR II,216,IND; PAK; IND,08/05/1965,01/10/1966,KASHMIR II,0
AB,YEMEN WAR IV,219,SAU; EGY; YEM,10/14/1966,09/26/1967,YEMEN WAR IV,0
AB,EL SAMU,220,ISR; JOR,11/12/1966,11/15/1966,EL SAMU,0
AB,SIX DAY WAR,222,ISR; JOR; EGY; USA; SYR; RUS,05/17/1967,06/11/1967,SIX DAY WAR,0
AB,CYPRUS II,223,TUR; GRC; CYP,11/15/1967,12/04/1967,CYPRUS II,0
AB,PUEBLO,224,ROK; USA; PRK,01/21/1968,12/23/1968,PUEBLO,0
AB,TET OFFENSIVE,225,RVN; USA,01/30/1968,03/31/1968,TET OFFENSIVE,0
AB,KARAMEH,226,ISR; JOR,03/18/1968,03/22/1968,KARAMEH,0
AB,PRAGUE SPRING,227,GDR; POL; BUL; HUN; RUS; CZE,04/09/1968,10/18/1968,PRAGUE SPRING,0
AB,VIETNAM SPRING OFF.,230,USA; RVN,02/22/1969,06/08/1969,VIETNAM SPRING OFF.,0
AB,USSURI RIVER,231,RUS; CHN,03/02/1969,10/20/1969,USSURI RIVER,0
AB,WAR OF ATTRITION,232,ISR; EGY; EGY; RUS; ISR,03/08/1969,08/07/1970,WAR OF ATTRITION,0
AB,SHATT-AL-ARAB II,234,IRN; IRQ,04/15/1969,10/30/1969,SHATT-AL-ARAB II,0
AB,FOOTBALL WAR,235,SAL; HON,06/15/1969,07/30/1969,FOOTBALL WAR,0
AB,INVASION OF CAMBODIA,237,DRV; CAM; RVN; USA,03/13/1970,07/22/1970,INVASION OF CAMBODIA,0
AB,BLACK SEPTEMBER,238,SYR; USA; ISR; JOR,09/15/1970,09/29/1970,BLACK SEPTEMBER,0
BenjaminAiden,INVASION OF LAOS II,241,LAO; DRV,02/08/1971,03/25/1971,INVASION OF LAOS II,0
BenjaminAiden,BANGLADESH,242,BNG; PAK; IND; PAK,03/25/1971,12/17/1971,BANGLADESH,0
BenjaminAiden,CHAD/LIBYA I,243,LIB; CHA,05/24/1971,04/17/1972,CHAD/LIBYA I,0
BenjaminAiden,TANZANIA/UGANDA I,245,TAZ; UGA,10/20/1971,11/25/1971,TANZANIA/UGANDA I,0
BenjaminAiden,VIETNAM PORTS MINING,246,RVN; USA; DRV,03/30/1972,07/19/1972,VIETNAM PORTS MINING,0
BenjaminAiden,TANZANIA/UGANDA II,247,UGA; TAZ,09/17/1972,10/05/1972,TANZANIA/UGANDA II,0
BenjaminAiden,NORTH/SOUTH YEMEN I,248,YEM; YPR,09/26/1972,11/28/1972,NORTH/SOUTH YEMEN I,0
BenjaminAiden,CHRISTMAS BOMBING,249,RVN; USA; DRV,10/23/1972,01/27/1973,CHRISTMAS BOMBING,0
BenjaminAiden,COD WAR I,254,UKG; ICE,05/14/1973,11/13/1973,COD WAR I,0
BenjaminAiden,OCTOBER-YOM KIPPUR WAR,255,ISR; ISR; SYR; USA; EGY; RUS,10/05/1973,05/31/1974,OCTOBER-YOM KIPPUR WAR,0
BenjaminAiden,CYPRUS III,257,CYP; TUR; GRC,07/15/1974,02/24/1975,CYPRUS III,0
BenjaminAiden,FINAL N. VIETNAM OFF.,258,RVN; CAM,12/14/1974,04/30/1975,FINAL N. VIETNAM OFF.,0
BenjaminAiden,MAYAGUEZ,259,USA; CAM,05/12/1975,05/15/1975,MAYAGUEZ,0
Benjamin,WAR IN ANGOLA,260,ZAM; DRC; SAF; ANG; CUB; RUS; USA,07/12/1975,03/27/1976,WAR IN ANGOLA,0
Benjamin,MOROCCAN MARCH,261,SPN; MOR; ALG; MAA,10/16/1975,04/14/1976,MOROCCAN MARCH,0
Benjamin,COD WAR II,263,UKG; ICE,11/23/1975,06/01/1976,COD WAR II,0
Benjamin,OPERATION THRASHER,267,ZIM; MZM,02/22/1976,04/1976,OPERATION THRASHER,0
Benjamin,ENTEBBE RAID,270,ISR; UGA,06/27/1976,07/04/1976,ENTEBBE RAID,0
Benjamin,AEGEAN SEA I,272,GRC; TUR,08/06/1976,09/25/1976,AEGEAN SEA I,0
Benjamin,POPLAR TREE,274,USA; PRK,08/17/1976,09/16/1976,POPLAR TREE,0
Benjamin,SHABA I,277,DRC; ANG,03/08/1977,05/26/1977,SHABA I,0
Benjamin,EGYPT/LIBYA CLASHES,281,LIB; EGY,07/14/1977,09/10/1977,EGYPT/LIBYA CLASHES,0
Benjamin,OGADEN II,282,ETH; SOM,07/22/1977,03/14/1978,OGADEN II,0
Benjamin,VIETNAM INV./CAMBODIA,284,CAM; DRV; THI,09/24/1977,01/07/1979,VIETNAM INV./CAMBODIA,0
Benjamin,FRENCH HOSTAGES MAUR.,285,FRN; ALG,10/25/1977,12/23/1977,FRENCH HOSTAGES MAUR.,0
Benjamin,BEAGLE CHANNEL I,287,CHL; ARG,12/05/1977,02/20/1978,BEAGLE CHANNEL I,0
Benjamin,CHAD/LIBYA II,288,LIB; CHA,01/22/1978,03/27/1978,CHAD/LIBYA II,0
Benjamin,CHAD/LIBYA III,290,FRN; LIB; CHA,04/15/1978,08/29/1978,CHAD/LIBYA III,0
Benjamin,CASSINGA INCIDENT,291,SAF; ANG,05/03/1978,05/17/1978,CASSINGA INCIDENT,0
Aiden,SHABA II,292,DRC; ANG; BEL; USA; FRN,05/11/1978,07/30/1978,SHABA II,0
Aiden,AIR RHODESIA INCDNT.,293,ZIM; ZAM,09/03/1978,10/31/1978,AIR RHODESIA INCDNT.,0
Aiden,NICARAGUA CIV WAR II,294,NIC; COS; NIC,09/10/1978,07/17/1979,NICARAGUA CIV WAR II,0
Aiden,BEAGLE CHANNEL II,295,CHL; ARG,10/16/1978,01/08/1979,BEAGLE CHANNEL II,0
Aiden,FALL OF AMIN,296,TAZ; UGA; LIB,10/30/1978,04/10/1979,FALL OF AMIN,0
Aiden,SINO/VIETNAM WAR,298,CHN; DRV,12/25/1978,03/15/1979,SINO/VIETNAM WAR,0
Aiden,RAIDS ON ZIPRA,300,ZIM; ANG; ZAM,02/12/1979,05/31/1979,RAIDS ON ZIPRA,0
Aiden,NORTH/SOUTH YEMEN II,301,YEM; YPR,02/24/1979,03/30/1979,NORTH/SOUTH YEMEN II,0
Aiden,AFGHANISTAN INVASION,303,RUS; AFG; PAK; USA,03/1979,02/28/1980,AFGHANISTAN INVASION,0
Aiden,CHAD/LIBYA IV,304,LIB; CHA; FRN,04/12/1979,11/10/1979,CHAD/LIBYA IV,0
Aiden,GOULIMIME-TARFAYA RD,305,MOR; ALG,06/01/1979,06/25/1979,GOULIMIME-TARFAYA RD,0
Aiden,RHODESIA SETTLEMENT,307,ZIM; BOT; MZM; ZAM,07/15/1979,03/04/1980,RHODESIA SETTLEMENT,0
Aiden,US HOSTAGES IN IRAN,309,USA; IRN,11/04/1979,01/20/1981,US HOSTAGES IN IRAN,0
Aiden,COLOMBIA/NICARAGUA,310,COL; NIC,12/12/1979,07/08/1981,COLOMBIA/NICARAGUA,0
Aiden,RAID ON GAFSA,311,TUN; LIB,01/27/1980,04/30/1980,RAID ON GAFSA,0
Aiden,LIBYA THREAT-SADAT,314,EGY; LIB,06/11/1980,06/1980,LIBYA THREAT-SADAT,0
Aiden,SOLIDARITY,315,POL; RUS; CZE; GDR,08/14/1980,12/13/1981,SOLIDARITY,0
NicholasSam ,ONSET IRAN/IRAQ WAR,317,IRN; IRQ,09/17/1980,11/30/1980,ONSET IRAN/IRAQ WAR,0
NicholasSam ,E. AFRICA CONFRONT.,320,SOM; ETH; KEN,12/05/1980,06/29/1981,E. AFRICA CONFRONT.,0
NicholasSam ,IRAQ NUCLEAR REACTOR,324,ISR; IRQ,01/1981,06/19/1981,IRAQ NUCLEAR REACTOR,0
NicholasSam ,CHAD/LIBYA V,321,FRN; LIB,01/06/1981,11/16/1981,CHAD/LIBYA V,0
NicholasSam ,ECUADOR/PERU BDR. III,322,ECU; PER,01/22/1981,04/02/1981,ECUADOR/PERU BDR. III,0
NicholasSam ,ESSEQUIBO II,325,GUY; VEN,04/04/1981,03/1983,ESSEQUIBO II,0
NicholasSam ,CONTRAS I,326,HON; NIC,04/28/1981,05/13/1981,CONTRAS I,0
NicholasSam ,AL-BIQA MISSILES I,327,SYR; ISR,04/28/1981,07/24/1981,AL-BIQA MISSILES I,0
NicholasSam ,CAMEROON/NIGERIA I,328,NIG; CAO,05/15/1981,07/24/1981,CAMEROON/NIGERIA I,0
NicholasSam ,U-137 INCIDENT,333,SWD; RUS,10/28/1981,11/06/1981,U-137 INCIDENT,0
NicholasSam ,COUP ATTEMPT IN BAHRAIN,334,BAH; SAU,12/13/1981,01/08/1982,COUP ATTEMPT IN BAHRAIN,0
NicholasSam ,FALKLANDS/MALVINAS,336,UKG; ARG,03/31/1982,06/14/1982,FALKLANDS/MALVINAS,0
NicholasSam ,WAR IN LEBANON,337,LEB; SYR; ISR,06/05/1982,05/17/1983,WAR IN LEBANON,0
Nicolas,OGADEN III,338,SOM; ETH,06/30/1982,08/1982,OGADEN III,0
Nicolas,LIBYA THREAT/SUDAN,340,SUD; EGY; LIB,02/11/1983,02/22/1983,LIBYA THREAT/SUDAN,0
Nicolas,CHAD/NIGERIA CLASHES,341,CHA; NIG,04/18/1983,07/11/1983,CHAD/NIGERIA CLASHES,0
Nicolas,CHAD/LIBYA VI,342,CHA; FRN; LIB,06/24/1983,12/11/1984,CHAD/LIBYA VI,0
Nicolas,INVASION OF GRENADA,343,USA; GRN,10/19/1983,10/28/1983,INVASION OF GRENADA,0
Nicolas,BASRA-KHARG ISLAND,348,IRQ; IRN; KUW; SAU,02/21/1984,07/11/1984,BASRA-KHARG ISLAND,0
Nicolas,OMDURMAN BOMBING,350,SUD; EGY; LIB,03/16/1984,1984,OMDURMAN BOMBING,0
Nicolas,SINO/VIETNAM CLASHES,352,DRV; CHN,04/02/1984,06/1984,SINO/VIETNAM CLASHES,0
Nicolas,THREE VILLAGE BDR. I,353,THI; LAO,06/05/1984,10/1984,THREE VILLAGE BDR. I,0
Nicolas,NICARAGUA MIG-21S,354,USA; NIC,11/06/1984,11/12/1984,NICARAGUA MIG-21S,0
Nicolas,AL-BIQA MISSILES II,357,SYR; ISR,11/19/1985,01/15/1986,AL-BIQA MISSILES II,0
Nicolas,EGYPT AIR HIJACKING,358,EGY; LIB,11/23/1985,12/03/1985,EGYPT AIR HIJACKING,0
Nicolas,BURKINA FASO/MALI BDR,359,MLI; BFO,12/20/1985,01/18/1986,BURKINA FASO/MALI BDR,0
Nicolas,CAPTURE OF AL-FAW,361,IRQ; KUW; SAU; IRN,02/09/1986,04/1986,CAPTURE OF AL-FAW,0
Nicolas,CHAD/LIBYA VII,362,CHA; FRN; LIB,02/10/1986,03/1986,CHAD/LIBYA VII,0
Nicolas,GULF OF SYRTE II,363,LIB; USA,03/24/1986,04/21/1986,GULF OF SYRTE II,0
Sam,S. AFRICA CROSS BORDER RAID,365,BOT; ZAM; ZIM,05/19/1986,05/1986,S. AFRICA CROSS BORDER RAID,0
Sam,CONTRAS II,369,HON; NIC,12/04/1986,12/12/1986,CONTRAS II,0
Sam,CHAD/LIBYA VIII,370,CHA; LIB,12/12/1986,09/11/1987,CHAD/LIBYA VIII,0
Sam,PUNJAB WAR SCARE II,372,IND; PAK,01/1987,02/19/1987,PUNJAB WAR SCARE II,0
Sam,SINO/VIETNAM BORDER,371,DRV; CHN,01/05/1987,01/10/1987,SINO/VIETNAM BORDER,0
Sam,SAND WALL,375,MOR; MAA; ALG,02/25/1987,05/04/1987,SAND WALL,0
Sam,AEGEAN SEA III,376,GRC; TUR,03/01/1987,03/28/1987,AEGEAN SEA III,0
Sam,INDIA INT./SRI LANKA,378,IND; SRI,06/03/1987,07/30/1987,INDIA INT./SRI LANKA,0
Sam,MECCA PILGRIMAGE,379,SAU; IRN,07/31/1987,10/1987,MECCA PILGRIMAGE,0
Sam,S. AFRICA INTERVENTION IN ANGOLA,380,ANG; SAF,10/03/1987,08/22/1988,S. AFRICA INTERVENTION IN ANGOLA,0
Sam,THREE VILLAGE BDR. II,381,LAO; THI,11/03/1987,02/17/1988,THREE VILLAGE BDR. II,0
Sam,KENYA/UGANDA BORDER,382,KEN; UGA,12/14/1987,12/28/1987,KENYA/UGANDA BORDER,0
Sam,CONTRAS III,383,HON; NIC,03/06/1988,03/28/1988,CONTRAS III,0
Sam,SPRATLY ISLANDS,384,DRV; CHN,03/14/1988,04/1988,SPRATLY ISLANDS,0
Sam,LIBYAN JETS,386,USA; LIB,12/21/1988,01/12/1989,LIBYAN JETS,0
Sam,MAURITANIA/SENEGAL,387,SEN; MAA,08/21/1989,07/18/1991,MAURITANIA/SENEGAL,0
HaleySahil,CAMBODIA PEACE CONF.,388,CAM; DRV,08/30/1989,01/27/1990,CAMBODIA PEACE CONF.,0
HaleySahil,INVASION OF PANAMA,391,USA; PAN,12/15/1989,01/03/1990,INVASION OF PANAMA,0
HaleySahil,KASHMIR III-NUCLEAR,392,IND; PAK,01/14/1990,06/1990,KASHMIR III-NUCLEAR,0
HaleySahil,GULF WAR,393,KUW; USA; BAH; EGY; FRN; IRQ; ISR; OMA; QAT; SAU; SYR; UAE; UKG,08/02/1990,04/12/1991,GULF WAR,0
HaleySahil,YUGOSLAVIA I: CROATIA-SLOVENIA,397,YUG; SLV; CRO,06/25/1991,01/03/1992,YUGOSLAVIA I: CROATIA-SLOVENIA,0
HaleySahil,FOREIGN INTERV.-ZAIRE,399,BEL; FRN; DRC,09/23/1991,11/04/1991,FOREIGN INTERV.-ZAIRE,0
HaleySahil,ECUADOR/PERUBDR. IV,400,ECU; PER,10/06/1991,10/15/1991,ECUADOR/PERUBDR. IV,0
HaleySahil,NAGORNYY-KARABAKH,401,ARM; AZE,11/27/1991,08/1992,NAGORNYY-KARABAKH,0
HaleySahil,EGYPT/SUDAN BDR. II,402,EGY; SUD,01/1992,06/1992,EGYPT/SUDAN BDR. II,0
HaleySahil,YUGOSLAVIA II: BOSNIA,403,BOS; YUG; CRO,03/03/1992,11/21/1995,YUGOSLAVIA II: BOSNIA,0
HaleySahil,PAPUA/SOLOMON,404,SOL; PNG,03/12/1992,09/1992,PAPUA/SOLOMON,0
HaleySahil,SLEEPING DOG HILL,405,THI; MYA,03/14/1992,12/25/1992,SLEEPING DOG HILL,0
HaleySahil,N. KOREA NUCLEAR I,408,PRK; ROK; USA,03/1993,10/21/1994,N. KOREA NUCLEAR I,0
Haley,OPTN. ACCOUNTABILITY,409,ISR; LEB,07/10/1993,07/31/1993,OPTN. ACCOUNTABILITY,0
Haley,CAMEROON/NIGERIA III,410,NIG; CAO,12/1993,11/1994,CAMEROON/NIGERIA III,0
Haley,HAITI MIL. REGIME,411,USA; HAI,07/1994,10/15/1994,HAITI MIL. REGIME,0
Haley,IRAQ DEPLOY./KUWAIT,412,KUW; SAU; USA; IRQ,10/07/1994,11/10/1994,IRAQ DEPLOY./KUWAIT,0
Haley,ECUADOR/PERU V,413,ECU; PER,01/09/1995,03/01/1995,ECUADOR/PERU V,0
Haley,TAIWAN STRAIT IV,415,CHN; TAW,05/22/1995,03/25/1996,TAIWAN STRAIT IV,0
Haley,RED SEA ISLANDS,416,ERI; YEM,12/15/1995,12/31/1995,RED SEA ISLANDS,0
Haley,AEGEAN SEA IV,417,TUR; GRC,01/26/1996,01/31/1996,AEGEAN SEA IV,0
Haley,OPRN GRAPES OF WRATH,418,ISR; LEB,04/09/1996,04/27/1996,OPRN GRAPES OF WRATH,0
Haley,DESERT STRIKE,419,IRQ; USA,08/31/1996,09/14/1996,DESERT STRIKE,0
Haley,N. KOREAN SUBMARINE,420,ROK; PRK,09/18/1996,12/29/1996,N. KOREAN SUBMARINE,0
Haley,ZAIRE CIVILWAR,421,DRC; RWA,10/08/1996,05/16/1997,ZAIRE CIVILWAR,0
Haley,UNSCOM I,422,USA; IRQ,11/13/1997,02/23/1998,UNSCOM I,0
Haley,CYPRUS/TURKEY MISSILE,423,TUR; CYP,01/24/1998,12/29/1998,CYPRUS/TURKEY MISSILE,0
Haley,ETHIOPIA-ERITREA I,424,ERI; ETH,05/06/1998,12/12/2000,ETHIOPIA-ERITREA I,0
Haley,INDIA/PAKISTAN NUCLEAR TESTS,425,IND; PAK,05/11/1998,06/11/1998,INDIA/PAKISTAN NUCLEAR TESTS,0
Sahil,DRC CIVIL WAR,426,RWA; ANG; CHA; DRC; NAM; ZIM; UGA,07/29/1998,07/30/2002,DRC CIVIL WAR,0
Sahil,US EMBASSY BOMBINGS,427,AFG; USA; SUD,08/07/1998,08/20/1998,US EMBASSY BOMBINGS,0
Sahil,UNSCOM II,429,UKG; USA; IRQ,10/31/1998,12/20/1998,UNSCOM II,0
Sahil,KOSOVO,430,ALB; BEL; CAN; FRN; GFR; ITA; NTH; POR; SPN; UKG; USA; YUG,02/20/1999,06/10/1999,KOSOVO,0
Sahil,KARGIL,431,IND; PAK,05/09/1999,07/04/1999,KARGIL,0
Sahil,EAST TIMOR II,432,AUL; INS,09/04/1999,10/19/1999,EAST TIMOR II,0
Sahil,AFGHANISTAN/US,434,AFG; PAK; UKG; USA,09/11/2001,12/07/2001,AFGHANISTAN/US,0
Sahil,INDIA PARLIAMENT ATTACK,435,IND; PAK,12/13/2001,01/12/2002,INDIA PARLIAMENT ATTACK,0
Sahil,KALUCHAK,436,IND; PAK,04/14/2002,10/17/2002,KALUCHAK,0
Sahil,MYANMAR-THAILAND,437,THI; MYA,05/16/2002,10/15/2002,MYANMAR-THAILAND,0
Sahil,PARSLEY ISLAND,438,SPN; MOR,07/11/2002,07/21/2002,PARSLEY ISLAND,0
Sahil,PANKISI GORGE,439,RUS; GRG,07/27/2002,10/07/2002,PANKISI GORGE,0
Sahil,IRAQ REGIME CHANGE,440,IRQ; UKG; USA,09/12/2002,05/01/2003,IRAQ REGIME CHANGE,0
Sahil,N. KOREA NUCLEAR II,441,USA; PRK,10/04/2002,01/06/2004,N. KOREA NUCLEAR II,0
Sahil,IRAN NUCLEAR I,442,FRN; GFR; UKG; IRN,06/13/2003,11/15/2004,IRAN NUCLEAR I,0
Sahil,HAIFA SUICIDE BOMBING,443,ISR; SYR,10/04/2003,12/02/2003,HAIFA SUICIDE BOMBING,0
Sahil,DRC/RWANDA,444,DRC; RWA,06/01/2004,12/20/2004,DRC/RWANDA,0
CeciliaAmy,S. OSSETIA/ABKHAZIA,445,GRG; RUS,06/10/2004,11/05/2004,S. OSSETIA/ABKHAZIA,0
CeciliaAmy,ETHIOPIA-ERITREA II,446,ETH; ERI,10/04/2005,01/11/2006,ETHIOPIA-ERITREA II,0
CeciliaAmy,CHAD-SUDAN I,447,CHA; SUD,12/18/2005,02/08/2006,CHAD-SUDAN I,0
CeciliaAmy,IRAN NUCLEAR II,448,FRN; UKG; USA; IRN,01/10/2006,12/04/2007,IRAN NUCLEAR II,0
CeciliaAmy,N. KOREA NUCLEAR III,450,USA; PRK,05/05/2006,10/03/2007,N. KOREA NUCLEAR III,0
CeciliaAmy,ISRAEL LEBANON WAR II,451,ISR; LEB,07/12/2006,09/08/2006,ISRAEL LEBANON WAR II,0
CeciliaAmy,CHAD-SUDAN III,453,CHA; SUD,03/31/2007,04/17/2007,CHAD-SUDAN III,0
CeciliaAmy,ETHIOPIA-ERITREA III,454,ERI; ETH,09/08/2007,12/01/2007,ETHIOPIA-ERITREA III,0
CeciliaAmy,CHAD-SUDAN IV,455,CHA; SUD,12/26/2007,08/01/2008,CHAD-SUDAN IV,0
CeciliaAmy,DJIBOUTI-ERITREA,456,DJI; ERI,04/07/2008,06/2008,DJIBOUTI-ERITREA,0
CeciliaAmy,PREAH VIHEAR TEMPLE I,457,THI; CAM,07/08/2008,08/24/2009,PREAH VIHEAR TEMPLE I,0
CeciliaAmy,RUSSO-GEORGIAN WAR,458,GRG; RUS,08/07/2008,08/16/2008,RUSSO-GEORGIAN WAR,0
CeciliaAmy,N. KOREA NUCLEAR IV,459,USA; ROK; JPN; PRK,03/11/2009,08/04/2009,N. KOREA NUCLEAR IV,0
Cecilia,CHAD-SUDAN V,460,CHA; SUD,05/05/2009,02/09/2010,CHAD-SUDAN V,0
Cecilia,CHEONAN SINKING,461,ROK; PRK,03/26/2010,07/26/2010,CHEONAN SINKING,0
Cecilia,YEONPYEONG ISLAND,462,PRK; ROK,11/23/2010,06/19/2011,YEONPYEONG ISLAND,0
Cecilia,PREAH VIHEAR TEMPLE II,463,THI; CAM,02/04/2011,12/21/2011,PREAH VIHEAR TEMPLE II,0
Cecilia,LIBYAN CIVILWAR,464,USA; UKG; FRN; CAN; ITA; QAT; LIB,02/22/2011,10/20/2011,LIBYAN CIVILWAR,0
Cecilia,SUDAN-SOUTH SUDAN,466,SUD; SSD,05/19/2011,09/27/2012,SUDAN-SOUTH SUDAN,0
Cecilia,N. KOREA NUCLEAR V,469,ROK; USA; JPN; PRK,02/12/2013,08/14/2013,N. KOREA NUCLEAR V,0
Cecilia,SYRIA CHEMICAL WEAPONS,470,USA; SYR,08/21/2013,09/21/2013,SYRIA CHEMICAL WEAPONS,0
Cecilia,CRIMEA-DONBAS,471,RUS; UKR,02/22/2014,02/18/2015,CRIMEA-DONBAS,0
Cecilia,CHINESE OIL RIG,472,DRV; CHN,05/02/2014,07/16/2014,CHINESE OIL RIG,0
Cecilia,INDIA-PAKISTAN BORDER FIRING,473,IND; PAK,10/06/2014,10/2014,INDIA-PAKISTAN BORDER FIRING,0
Cecilia,KOREAN LAND MINE,475,ROK; PRK,08/2015,08/25/2015,KOREAN LAND MINE,0
Cecilia,TURKEY-RUSSIA JET INCIDENT,476,TUR; RUS; DEN; FRN; GFR; UKG; USA,11/24/2015,06/29/2016,TURKEY-RUSSIA JET INCIDENT,0
Cecilia,NORTH KOREA NUCLEAR VI,477,ROK; USA; JPN; PRK,01/06/2016,12/2016,NORTH KOREA NUCLEAR VI,0
Cecilia,SERBIAN TRAIN INCIDENT,484,SER; KOS,01/14/2017,02/2017,SERBIAN TRAIN INCIDENT,0
Cecilia,ISRAEL-IRAN CLASHES IN SYRIA II,492,ISR; IRN; SYR,01/20/2019,02/13/2019,ISRAEL-IRAN CLASHES IN SYRIA II,0
Amy,ISRAEL-IRAN CLASHES IN SYRIA,488,ISR; IRN,02/10/2018,05/10/2018,ISRAEL-IRAN CLASHES IN SYRIA,0
Amy,PULWAMA SUICIDE BOMBING,494,IND; PAK,02/14/2019,03/01/2019,PULWAMA SUICIDE BOMBING,0
Amy,SHRINE LAL SHAHBAZ ATTACK,485,AFG; PAK,02/16/2017,05/27/2017,SHRINE LAL SHAHBAZ ATTACK,0
Amy,NAGORNYY-KARABAKH APRIL WAR,478,ARM; AZE,04/01/2016,04/05/2016,NAGORNYY-KARABAKH APRIL WAR,0
Amy,SYRIA CHEMICAL WEAPONS II,486,USA; RUS; SYR,04/04/2017,04/24/2017,SYRIA CHEMICAL WEAPONS II,0
Amy,SYRIA CHEMICAL WEAPONS III,489,USA; UKG; FRN; SYR; RUS,04/07/2018,04/14/2018,SYRIA CHEMICAL WEAPONS III,0
Amy,TORKHAM BORDER INCIDENT,480,AFG; PAK,06/12/2016,06/15/2016,TORKHAM BORDER INCIDENT,0
Amy,SOLEIMANI ASSASSINATION,495,IRN; USA,06/18/2019,01/08/2020,SOLEIMANI ASSASSINATION,0
Amy,NORTH KOREA NUCLEAR VII,487,USA; ROK; JPN; PRK,07/03/2017,06/12/2018,NORTH KOREA NUCLEAR VII,0
Amy,KISANGANI CONFLICT,483,UGA; RWA,08/07/1999,11/06/2001,KISANGANI CONFLICT,0
Amy,OPERATION EUPHRATES SHIELD,481,SYR; TUR,08/24/2016,03/29/2017,OPERATION EUPHRATES SHIELD,0
Amy,SEA OF AZOV,491,RUS; UKR,09/06/2018,12/29/2018,SEA OF AZOV,0
Amy,ABQAIQ OIL STRIKE,496,SAU; USA; IRN,09/14/2019,10/30/2019,ABQAIQ OIL STRIKE,0
Amy,URI BASE ATTACK,482,IND; PAK,09/18/2016,09/20/2016,URI BASE ATTACK,0
Amy,HOUTHI REBELLION,474,SAU; UAE,,,HOUTHI REBELLION,0
,,,,,,,
,,,,,,,
,COMMUNISM IN POLAND,110,RUS,06/30/1946,01/19/1947,COMMUNISM IN POLAND,1
,GREEK CIVIL WAR II,112,GRC,11/13/1946,02/28/1947,GREEK CIVIL WAR II,1
,CUBA/DOMINICAN REP.,117,DOM,07/26/1947,09/28/1947,CUBA/DOMINICAN REP.,1
,SOV. NOTE/FINLAND I,122,FIN,02/22/1948,04/06/1948,SOV. NOTE/FINLAND I,1
,HYDERABAD,124,IND,08/21/1948,09/18/1948,HYDERABAD,1
,COSTA RICA/NIC. I,126,COS,12/11/1948,02/21/1949,COSTA RICA/NIC. I,1
,LUPERON,130,DOM,06/19/1949,06/21/1949,LUPERON,1
,SOV. BLOC-YUGOSLAVIA,131,YUG,08/19/1949,11/1951,SOV. BLOC-YUGOSLAVIA,1
,CATALINA AFFAIR,137,SWD,06/16/1952,07/1952,CATALINA AFFAIR,1
,BURMA INFILTRATION,138,MYA,02/08/1953,10/15/1954,BURMA INFILTRATION,1
,E. GERMAN UPRISING,141,RUS,06/17/1953,07/11/1953,E. GERMAN UPRISING,1
,QIBYA,143,JOR,10/14/1953,10/1953,QIBYA,1
,BAGHDAD PACT,148,EGY,02/24/1955,10/1955,BAGHDAD PACT,1
,GOA I,151,POR,08/10/1955,09/06/1955,GOA I,1
,JORDAN REGIME,157,JOR,04/04/1957,05/03/1957,JORDAN REGIME,1
,FRANCE/TUNISIA,158,TUN,05/31/1957,06/17/1958,FRANCE/TUNISIA,1
,IFNI,160,SPN,11/23/1957,04/1958,IFNI,1
,WEST IRIAN I,161,NTH,12/01/1957,,WEST IRIAN I,1
,EGYPT/SUDAN BORDER I,163,SUD,02/09/1958,02/25/1958,EGYPT/SUDAN BORDER I,1
,ABORT. COUP INDONESIA,164,INS,02/21/1958,05/20/1958,ABORT. COUP INDONESIA,1
,GHANA/TOGO BORDER I,174,GHA,03/1960,04/01/1960,GHANA/TOGO BORDER I,1
,ETHIOPIA/SOMALIA,179,ETH,12/26/1960,1961,ETHIOPIA/SOMALIA,1
,BREAKUP OF UAR,188,EGY,09/28/1961,10/05/1961,BREAKUP OF UAR,1
,SOV. NOTE/FINLAND II,189,FIN,10/30/1961,11/24/1961,SOV. NOTE/FINLAND II,1
,GOA II,190,POR,12/11/1961,12/19/1961,GOA II,1
,MALI/MAURITANIA,191,MAA,03/29/1962,02/18/1963,MALI/MAURITANIA,1
,TAIWAN STRAIT III,192,CHN,04/22/1962,06/27/1962,TAIWAN STRAIT III,1
,CUBA/VENEZUELA,200,VEN,11/01/1963,12/01/1963,CUBA/VENEZUELA,1
,KENYA/SOMALIA,201,KEN,11/20/1963,03/04/1964,KENYA/SOMALIA,1
,E. AFRICA REBELLIONS,207,UKG,01/19/1964,01/30/1964,E. AFRICA REBELLIONS,1
,DOMINICAN INTERVENTN.,215,USA,04/24/1965,08/31/1965,DOMINICAN INTERVENTN.,1
,GUINEA REGIME,217,GUI,10/09/1965,12/1965,GUINEA REGIME,1
,RHODESIA'S UDI,218,ZAM,11/05/1965,04/27/1966,RHODESIA'S UDI,1
,CHE GUEVARA-BOLIVIA,221,BOL,03/23/1967,10/10/1967,CHE GUEVARA-BOLIVIA,1
,ESSEQUIBO I,228,GUY,07/09/1968,08/1968,ESSEQUIBO I,1
,BEIRUT AIRPORT,229,LEB,12/28/1968,01/1969,BEIRUT AIRPORT,1
,EC-121 SPY PLANE,233,USA,04/15/1969,04/26/1969,EC-121 SPY PLANE,1
,CAIRO AGREEMENT-PLO,236,LEB,10/22/1969,11/03/1969,CAIRO AGREEMENT-PLO,1
,CIENFUEGOS SUB. BASE,239,USA,09/16/1970,10/23/1970,CIENFUEGOS SUB. BASE,1
,CONAKRY RAID,240,GUI,11/22/1970,12/11/1970,CONAKRY RAID,1
,CAPRIVI STRIP,244,ZAM,10/05/1971,10/12/1971,CAPRIVI STRIP,1
,ZAMBIA RAID,250,ZAM,01/19/1973,02/03/1973,ZAMBIA RAID,1
,LIBYAN PLANE,251,ISR,02/21/1973,02/21/1973,LIBYAN PLANE,1
,IRAQ INVASION/KUWAIT,252,KUW,03/20/1973,06/08/1973,IRAQ INVASION/KUWAIT,1
,ISRAEL MOBILIZATION,253,ISR,04/10/1973,06/1973,ISRAEL MOBILIZATION,1
,OMAN/SOUTH YEMEN,256,OMA,11/18/1973,03/11/1976,OMAN/SOUTH YEMEN,1
,BELIZE I,262,UKG,11/01/1975,11/30/1975,BELIZE I,1
,EAST TIMOR I,264,INS,11/28/1975,07/17/1976,EAST TIMOR I,1
,LEB. CIVIL WAR,265,SYR,01/18/1976,11/15/1976,LEB. CIVIL WAR,1
,UGANDA CLAIMS,266,KEN,02/15/1976,02/24/1976,UGANDA CLAIMS,1
,NOUAKCHOTT I,268,MAA,06/08/1976,06/08/1976,NOUAKCHOTT I,1
,IRAQI THREAT,269,SYR,06/09/1976,06/17/1976,IRAQI THREAT,1
,SUDAN COUP ATTEMPT,271,SUD,07/02/1976,07/15/1976,SUDAN COUP ATTEMPT,1
,NAGOMIA RAID,273,MZM,08/09/1976,11/1976,NAGOMIA RAID,1
,SYRIA MOBILIZATION,275,ISR,11/21/1976,12/13/1976,SYRIA MOBILIZATION,1
,OPERATION TANGENT,276,BOT,12/20/1976,03/31/1977,OPERATION TANGENT,1
,MAPAI SEIZURE,278,MZM,05/29/1977,06/30/1977,MAPAI SEIZURE,1
,BELIZE II,279,UKG,06/25/1977,07/28/1977,BELIZE II,1
,NOUAKCHOTT II,280,MAA,07/03/1977,07/1977,NOUAKCHOTT II,1
,RHODESIA RAID,283,ZAM,08/31/1977,08/14/1978,RHODESIA RAID,1
,CHIMOIO-TEMBUE RAIDS,286,MZM,11/23/1977,03/22/1978,CHIMOIO-TEMBUE RAIDS,1
,LITANI OPERATION,289,LEB,03/14/1978,06/13/1978,LITANI OPERATION,1
,ANGOLA INVASION SCARE,297,ANG,11/07/1978,11/14/1978,ANGOLA INVASION SCARE,1
,TAN TAN,299,MOR,01/28/1979,03/1979,TAN TAN,1
,RAIDS ON SWAPO,302,ANG,03/06/1979,03/28/1979,RAIDS ON SWAPO,1
,SOVIET THREAT/PAK.,306,PAK,06/01/1979,07/03/1979,SOVIET THREAT/PAK.,1
,RAID ON ANGOLA,308,ANG,10/28/1979,11/02/1979,RAID ON ANGOLA,1
,OPERATION IMAN,312,MOR,03/01/1980,05/1980,OPERATION IMAN,1
,OPERATION SMOKESHELL,313,ANG,06/07/1980,07/02/1980,OPERATION SMOKESHELL,1
,LIBYA/MALTA OIL DISP.,316,MLT,08/20/1980,09/15/1980,LIBYA/MALTA OIL DISP.,1
,LIBYA INTERV./GAMBIA,318,GAM,10/27/1980,11/07/1980,LIBYA INTERV./GAMBIA,1
,JORDAN/SYRIA CONFRNT.,319,JOR,11/25/1980,12/14/1980,JORDAN/SYRIA CONFRNT.,1
,MOZAMBIQUE RAID,323,MZM,01/30/1981,03/1981,MOZAMBIQUE RAID,1
,COUP ATTEMPT IN THE GAMBIA,329,SEN,07/30/1981,01/29/1982,COUP ATTEMPT IN THE GAMBIA,1
,GULF OF SYRTE I,330,LIB,08/12/1981,09/01/1981,GULF OF SYRTE I,1
,OPERATION PROTEA,331,ANG,08/23/1981,09/30/1981,OPERATION PROTEA,1
,GALTAT ZEMMOUR I,332,MOR,10/13/1981,11/09/1981,GALTAT ZEMMOUR I,1
,KHORRAMSHAHR,335,IRQ,03/22/1982,07/30/1982,KHORRAMSHAHR,1
,LESOTHO RAID,339,LES,12/09/1982,12/15/1982,LESOTHO RAID,1
,ABLE ARCHER 83,344,RUS,11/02/1983,11/11/1983,ABLE ARCHER 83,1
,MAITENGWE CLASHES,345,BOT,11/08/1983,12/21/1983,MAITENGWE CLASHES,1
,ETHIOP./SUDAN TENSION,346,SUD,11/20/1983,02/20/1984,ETHIOP./SUDAN TENSION,1
,OPERATION ASKARI,347,ANG,12/06/1983,02/16/1984,OPERATION ASKARI,1
,AEGEAN SEA II,349,GRC,03/08/1984,03/10/1984,AEGEAN SEA II,1
,VIETNAM INCURSION INTO THAILAND,351,THI,03/25/1984,04/17/1984,VIETNAM INCURSION INTO THAILAND,1
,BOTSWANA RAID,355,BOT,06/14/1985,06/21/1985,BOTSWANA RAID,1
,EXPULSION-TUNISIANS,356,TUN,08/21/1985,09/26/1985,EXPULSION-TUNISIANS,1
,S. AFRICA RAID ON LESOTHO,360,LES,12/20/1985,01/25/1986,S. AFRICA RAID ON LESOTHO,1
,AL-DIBAL INCIDENT,364,BAH,04/26/1986,06/15/1986,AL-DIBAL INCIDENT,1
,REBEL ATTACK ON UGANDA,366,UGA,08/19/1986,06/1986,REBEL ATTACK ON UGANDA,1
,MOZAMBIQUE ULTIMATUM,367,MAW,09/11/1986,12/18/1986,MOZAMBIQUE ULTIMATUM,1
,ATTEMPTED COUP-TOGO,368,TOG,09/23/1986,02/05/1987,ATTEMPTED COUP-TOGO,1
,TODGHERE INCIDENT,373,SOM,02/12/1987,04/1987,TODGHERE INCIDENT,1
,SYRIAN INT./LEBANON,374,SYR,02/15/1987,04/06/1987,SYRIAN INT./LEBANON,1
,CAMEROON/NIGERIA II,377,NIG,05/02/1987,09/26/1987,CAMEROON/NIGERIA II,1
,IRAQ RECAPTURE-AL-FAW,385,IRN,04/18/1988,08/08/1988,IRAQ RECAPTURE-AL-FAW,1
,CONTRAS IV,389,HON,09/09/1989,11/07/1989,CONTRAS IV,1
,GALTAT ZEMMOUR II,390,MOR,10/07/1989,11/1989,GALTAT ZEMMOUR II,1
,RWANDA/UGANDA,394,RWA,09/30/1990,03/29/1991,RWANDA/UGANDA,1
,LIBERIA/SIERRA LEONE,395,SIE,03/23/1991,10/31/1991,LIBERIA/SIERRA LEONE,1
,GHANA/TOGO BORDER II,396,GHA,04/11/1991,10/05/1991,GHANA/TOGO BORDER II,1
,BUBIYAN,398,KUW,08/28/1991,08/1991,BUBIYAN,1
,IRAQ NO-FLY ZONE,406,IRQ,08/18/1992,09/08/1992,IRAQ NO-FLY ZONE,1
,GEORGIA/ABKHAZIA,407,GRG,09/25/1992,10/08/1993,GEORGIA/ABKHAZIA,1
,SPRATLY ISLANDS,414,PHI,02/02/1995,02/1995,SPRATLY ISLANDS,1
,SYRIA/TURKEY,428,SYR,10/01/1998,10/20/1998,SYRIA/TURKEY,1
,CASPIAN SEA,433,AZE,07/24/2001,08/01/2001,CASPIAN SEA,1
,CHAD-SUDAN II,449,CHA,04/12/2006,08/08/2006,CHAD-SUDAN II,1
,ETHIOPIA INVASION SOMALIA,452,ETH,10/09/2006,01/02/2007,ETHIOPIA INVASION SOMALIA,1
,COTE D'IVOIRE PRESIDENTIAL CRISIS,465,CDI,04/03/2011,04/11/2011,COTE D'IVOIRE PRESIDENTIAL CRISIS,1
,SCARBOROUGH SHOAL,467,PHI,04/10/2012,06/15/2012,SCARBOROUGH SHOAL,1
,SYRIA-TURKEY BORDER INCIDENTS,468,TUR,10/03/2012,12/04/2012,SYRIA-TURKEY BORDER INCIDENTS,1
,VENEZUELAN ELECTION,493,VEN,01/23/2019,05/10/2019,VENEZUELAN ELECTION,1
,UAE WITHDRAWAL FROM SOMALIA,490,SOM,04/15/2018,04/22/2018,UAE WITHDRAWAL FROM SOMALIA,1
,EAST CHINA SEA,479,JPN,06/09/2016,06/14/2016,EAST CHINA SEA,1
